order_id,product_id,quantity,selling_price,discount_amount
1,3,1,12000,300
2,2,1,48000,300
3,3,1,12000,300
4,3,1,12000,300
5,1,1,10000,300
6,4,1,28000,300
7,2,1,48000,300
8,4,1,28000,300
9,4,1,28000,300
10,4,1,28000,300
11,2,1,48000,300
12,2,1,48000,300
13,1,1,10000,300
14,4,1,28000,300
15,4,1,28000,300
16,1,1,10000,300
17,4,1,28000,300
18,1,1,10000,300
19,1,1,10000,300
20,1,1,10000,300
21,2,1,48000,300
22,2,1,48000,300
23,1,1,10000,300
24,3,1,12000,300
25,2,1,48000,300
26,4,1,28000,300
27,1,1,10000,300
28,4,1,28000,300
29,4,1,28000,300
30,1,1,10000,300
31,1,1,10000,300
32,4,1,28000,300
33,4,1,28000,300
34,4,1,28000,300
35,3,1,12000,300
36,3,1,12000,300
37,2,1,48000,300
38,4,1,28000,300
39,4,1,28000,300
40,2,1,48000,300
41,2,1,48000,300
42,2,1,48000,300
43,2,1,48000,300
44,1,1,10000,300
45,3,1,12000,300
46,2,1,48000,300
47,4,1,28000,300
48,2,1,48000,300
49,1,1,10000,300
50,1,1,10000,300
51,2,1,48000,300
52,4,1,28000,300
53,4,1,28000,300
54,1,1,10000,300
55,1,1,10000,300
56,4,1,28000,300
57,4,1,28000,300
58,2,1,48000,300
59,2,1,48000,300
60,1,1,10000,300
61,4,1,28000,300
62,3,1,12000,300
63,3,1,12000,300
64,1,1,10000,300
65,1,1,10000,300
66,1,1,10000,300
67,4,1,28000,300
68,2,1,48000,300
69,2,1,48000,300
70,4,1,28000,300
71,2,1,48000,300
72,2,1,48000,300
73,2,1,48000,300
74,4,1,28000,300
75,1,1,10000,300
76,4,1,28000,300
77,3,1,12000,300
78,2,1,48000,300
79,1,1,10000,300
80,1,1,10000,300
81,4,1,28000,300
82,2,1,48000,300
83,2,1,48000,300
84,4,1,28000,300
85,2,1,48000,300
86,2,1,48000,300
87,4,1,28000,300
88,2,1,48000,300
89,4,1,28000,300
90,2,1,48000,300
91,1,1,10000,300
92,4,1,28000,300
93,3,1,12000,300
94,3,1,12000,300
95,1,1,10000,300
96,4,1,28000,300
97,3,1,12000,300
98,3,1,12000,300
99,1,1,10000,300
100,3,1,12000,300
101,1,1,10000,300
102,1,1,10000,300
103,1,1,10000,300
104,3,1,12000,300
105,4,1,28000,300
106,2,1,48000,300
107,3,1,12000,300
108,4,1,28000,300
109,2,1,48000,300
110,3,1,12000,300
111,3,1,12000,300
112,4,1,28000,300
113,2,1,48000,300
114,4,1,28000,300
115,3,1,12000,300
116,1,1,10000,300
117,3,1,12000,300
118,4,1,28000,300
119,4,1,28000,300
120,1,1,10000,300
121,2,1,48000,300
122,4,1,28000,300
123,1,1,10000,300
124,3,1,12000,300
125,3,1,12000,300
126,4,1,28000,300
127,3,1,12000,300
128,4,1,28000,300
129,2,1,48000,300
130,3,1,12000,300
131,2,1,48000,300
132,2,1,48000,300
133,3,1,12000,300
134,4,1,28000,300
135,3,1,12000,300
136,2,1,48000,300
137,1,1,10000,300
138,3,1,12000,300
139,4,1,28000,300
140,2,1,48000,300
141,4,1,28000,300
142,3,1,12000,300
143,4,1,28000,300
144,3,1,12000,300
145,2,1,48000,300
146,3,1,12000,300
147,4,1,28000,300
148,1,1,10000,300
149,2,1,48000,300
150,1,1,10000,300
151,3,1,12000,300
152,1,1,10000,300
153,2,1,48000,300
154,2,1,48000,300
155,3,1,12000,300
156,2,1,48000,300
157,2,1,48000,300
158,2,1,48000,300
159,3,1,12000,300
160,4,1,28000,300
161,2,1,48000,300
162,3,1,12000,300
163,2,1,48000,300
164,2,1,48000,300
165,3,1,12000,300
166,2,1,48000,300
167,2,1,48000,300
168,4,1,28000,300
169,1,1,10000,300
170,3,1,12000,300
171,4,1,28000,300
172,3,1,12000,300
173,4,1,28000,300
174,3,1,12000,300
175,2,1,48000,300
176,3,1,12000,300
177,3,1,12000,300
178,4,1,28000,300
179,4,1,28000,300
180,3,1,12000,300
181,4,1,28000,300
182,4,1,28000,300
183,2,1,48000,300
184,1,1,10000,300
185,2,1,48000,300
186,4,1,28000,300
187,1,1,10000,300
188,4,1,28000,300
189,4,1,28000,300
190,1,1,10000,300
191,1,1,10000,300
192,2,1,48000,300
193,3,1,12000,300
194,4,1,28000,300
195,2,1,48000,300
196,4,1,28000,300
197,3,1,12000,300
198,3,1,12000,300
199,1,1,10000,300
200,4,1,28000,300
201,2,1,48000,300
202,1,1,10000,300
203,4,1,28000,300
204,3,1,12000,300
205,3,1,12000,300
206,2,1,48000,300
207,2,1,48000,300
208,1,1,10000,300
209,1,1,10000,300
210,4,1,28000,300
211,4,1,28000,300
212,4,1,28000,300
213,3,1,12000,300
214,1,1,10000,300
215,1,1,10000,300
216,2,1,48000,300
217,4,1,28000,300
218,2,1,48000,300
219,3,1,12000,300
220,4,1,28000,300
221,2,1,48000,300
222,3,1,12000,300
223,4,1,28000,300
224,3,1,12000,300
225,3,1,12000,300
226,2,1,48000,300
227,3,1,12000,300
228,4,1,28000,300
229,3,1,12000,300
230,4,1,28000,300
231,1,1,10000,300
232,4,1,28000,300
233,4,1,28000,300
234,1,1,10000,300
235,3,1,12000,300
236,3,1,12000,300
237,2,1,48000,300
238,4,1,28000,300
239,3,1,12000,300
240,1,1,10000,300
241,1,1,10000,300
242,2,1,48000,300
243,2,1,48000,300
244,1,1,10000,300
245,3,1,12000,300
246,4,1,28000,300
247,1,1,10000,300
248,1,1,10000,300
249,1,1,10000,300
250,4,1,28000,300
251,2,1,48000,300
252,1,1,10000,300
253,3,1,12000,300
254,2,1,48000,300
255,2,1,48000,300
256,4,1,28000,300
257,1,1,10000,300
258,3,1,12000,300
259,3,1,12000,300
260,3,1,12000,300
261,2,1,48000,300
262,4,1,28000,300
263,2,1,48000,300
264,2,1,48000,300
265,1,1,10000,300
266,2,1,48000,300
267,2,1,48000,300
268,3,1,12000,300
269,3,1,12000,300
270,4,1,28000,300
271,2,1,48000,300
272,1,1,10000,300
273,4,1,28000,300
274,1,1,10000,300
275,3,1,12000,300
276,4,1,28000,300
277,1,1,10000,300
278,4,1,28000,300
279,3,1,12000,300
280,2,1,48000,300
281,2,1,48000,300
282,2,1,48000,300
283,2,1,48000,300
284,3,1,12000,300
285,4,1,28000,300
286,1,1,10000,300
287,1,1,10000,300
288,3,1,12000,300
289,3,1,12000,300
290,2,1,48000,300
291,2,1,48000,300
292,4,1,28000,300
293,1,1,10000,300
294,2,1,48000,300
295,4,1,28000,300
296,3,1,12000,300
297,1,1,10000,300
298,4,1,28000,300
299,2,1,48000,300
300,1,1,10000,300
301,2,1,48000,300
302,2,1,48000,300
303,4,1,28000,300
304,1,1,10000,300
305,2,1,48000,300
306,2,1,48000,300
307,1,1,10000,300
308,4,1,28000,300
309,1,1,10000,300
310,4,1,28000,300
311,2,1,48000,300
312,4,1,28000,300
313,2,1,48000,300
314,3,1,12000,300
315,2,1,48000,300
316,2,1,48000,300
317,1,1,10000,300
318,4,1,28000,300
319,3,1,12000,300
320,4,1,28000,300
321,1,1,10000,300
322,1,1,10000,300
323,4,1,28000,300
324,3,1,12000,300
325,1,1,10000,300
326,4,1,28000,300
327,2,1,48000,300
328,4,1,28000,300
329,2,1,48000,300
330,2,1,48000,300
331,4,1,28000,300
332,1,1,10000,300
333,1,1,10000,300
334,2,1,48000,300
335,1,1,10000,300
336,4,1,28000,300
337,4,1,28000,300
338,2,1,48000,300
339,3,1,12000,300
340,4,1,28000,300
341,1,1,10000,300
342,4,1,28000,300
343,3,1,12000,300
344,3,1,12000,300
345,1,1,10000,300
346,1,1,10000,300
347,1,1,10000,300
348,1,1,10000,300
349,1,1,10000,300
350,1,1,10000,300
351,1,1,10000,300
352,1,1,10000,300
353,3,1,12000,300
354,4,1,28000,300
355,3,1,12000,300
356,1,1,10000,300
357,2,1,48000,300
358,2,1,48000,300
359,2,1,48000,300
360,1,1,10000,300
361,4,1,28000,300
362,3,1,12000,300
363,1,1,10000,300
364,3,1,12000,300
365,1,1,10000,300
366,1,1,10000,300
367,3,1,12000,300
368,2,1,48000,300
369,4,1,28000,300
370,3,1,12000,300
371,4,1,28000,300
372,4,1,28000,300
373,1,1,10000,300
374,4,1,28000,300
375,4,1,28000,300
376,3,1,12000,300
377,4,1,28000,300
378,4,1,28000,300
379,2,1,48000,300
380,2,1,48000,300
381,1,1,10000,300
382,1,1,10000,300
383,3,1,12000,300
384,1,1,10000,300
385,2,1,48000,300
386,2,1,48000,300
387,2,1,48000,300
388,1,1,10000,300
389,4,1,28000,300
390,4,1,28000,300
391,3,1,12000,300
392,2,1,48000,300
393,4,1,28000,300
394,2,1,48000,300
395,4,1,28000,300
396,1,1,10000,300
397,1,1,10000,300
398,4,1,28000,300
399,3,1,12000,300
400,3,1,12000,300
401,1,1,10000,300
402,1,1,10000,300
403,2,1,48000,300
404,3,1,12000,300
405,3,1,12000,300
406,1,1,10000,300
407,2,1,48000,300
408,1,1,10000,300
409,1,1,10000,300
410,3,1,12000,300
411,3,1,12000,300
412,1,1,10000,300
413,3,1,12000,300
414,1,1,10000,300
415,4,1,28000,300
416,4,1,28000,300
417,1,1,10000,300
418,1,1,10000,300
419,4,1,28000,300
420,1,1,10000,300
421,2,1,48000,300
422,3,1,12000,300
423,2,1,48000,300
424,4,1,28000,300
425,4,1,28000,300
426,2,1,48000,300
427,4,1,28000,300
428,1,1,10000,300
429,2,1,48000,300
430,4,1,28000,300
431,3,1,12000,300
432,1,1,10000,300
433,4,1,28000,300
434,3,1,12000,300
435,2,1,48000,300
436,4,1,28000,300
437,2,1,48000,300
438,3,1,12000,300
439,2,1,48000,300
440,3,1,12000,300
441,1,1,10000,300
442,4,1,28000,300
443,1,1,10000,300
444,2,1,48000,300
445,3,1,12000,300
446,4,1,28000,300
447,4,1,28000,300
448,2,1,48000,300
449,1,1,10000,300
450,4,1,28000,300
451,3,1,12000,300
452,2,1,48000,300
453,4,1,28000,300
454,1,1,10000,300
455,1,1,10000,300
456,2,1,48000,300
457,3,1,12000,300
458,2,1,48000,300
459,2,1,48000,300
460,3,1,12000,300
461,1,1,10000,300
462,3,1,12000,300
463,4,1,28000,300
464,3,1,12000,300
465,1,1,10000,300
466,4,1,28000,300
467,4,1,28000,300
468,3,1,12000,300
469,1,1,10000,300
470,1,1,10000,300
471,1,1,10000,300
472,3,1,12000,300
473,1,1,10000,300
474,3,1,12000,300
475,3,1,12000,300
476,3,1,12000,300
477,4,1,28000,300
478,3,1,12000,300
479,1,1,10000,300
480,1,1,10000,300
481,4,1,28000,300
482,2,1,48000,300
483,4,1,28000,300
484,4,1,28000,300
485,3,1,12000,300
486,3,1,12000,300
487,4,1,28000,300
488,1,1,10000,300
489,1,1,10000,300
490,3,1,12000,300
491,4,1,28000,300
492,1,1,10000,300
493,4,1,28000,300
494,2,1,48000,300
495,1,1,10000,300
496,1,1,10000,300
497,3,1,12000,300
498,1,1,10000,300
499,2,1,48000,300
500,4,1,28000,300
501,3,1,12000,300
502,4,1,28000,300
503,4,1,28000,300
504,3,1,12000,300
505,3,1,12000,300
506,3,1,12000,300
507,4,1,28000,300
508,2,1,48000,300
509,3,1,12000,300
510,4,1,28000,300
511,2,1,48000,300
512,4,1,28000,300
513,3,1,12000,300
514,2,1,48000,300
515,3,1,12000,300
516,4,1,28000,300
517,4,1,28000,300
518,4,1,28000,300
519,4,1,28000,300
520,2,1,48000,300
521,1,1,10000,300
522,3,1,12000,300
523,1,1,10000,300
524,4,1,28000,300
525,3,1,12000,300
526,2,1,48000,300
527,2,1,48000,300
528,4,1,28000,300
529,2,1,48000,300
530,2,1,48000,300
531,2,1,48000,300
532,1,1,10000,300
533,4,1,28000,300
534,4,1,28000,300
535,2,1,48000,300
536,3,1,12000,300
537,4,1,28000,300
538,1,1,10000,300
539,1,1,10000,300
540,1,1,10000,300
541,1,1,10000,300
542,2,1,48000,300
543,3,1,12000,300
544,3,1,12000,300
545,1,1,10000,300
546,2,1,48000,300
547,2,1,48000,300
548,4,1,28000,300
549,2,1,48000,300
550,1,1,10000,300
551,1,1,10000,300
552,3,1,12000,300
553,4,1,28000,300
554,3,1,12000,300
555,2,1,48000,300
556,1,1,10000,300
557,3,1,12000,300
558,1,1,10000,300
559,3,1,12000,300
560,2,1,48000,300
561,2,1,48000,300
562,1,1,10000,300
563,3,1,12000,300
564,1,1,10000,300
565,2,1,48000,300
566,4,1,28000,300
567,4,1,28000,300
568,4,1,28000,300
569,4,1,28000,300
570,3,1,12000,300
571,2,1,48000,300
572,3,1,12000,300
573,3,1,12000,300
574,1,1,10000,300
575,3,1,12000,300
576,4,1,28000,300
577,2,1,48000,300
578,1,1,10000,300
579,1,1,10000,300
580,4,1,28000,300
581,4,1,28000,300
582,1,1,10000,300
583,2,1,48000,300
584,2,1,48000,300
585,4,1,28000,300
586,1,1,10000,300
587,1,1,10000,300
588,2,1,48000,300
589,4,1,28000,300
590,1,1,10000,300
591,2,1,48000,300
592,2,1,48000,300
593,2,1,48000,300
594,4,1,28000,300
595,2,1,48000,300
596,4,1,28000,300
597,3,1,12000,300
598,4,1,28000,300
599,3,1,12000,300
600,4,1,28000,300
601,1,1,10000,300
602,4,1,28000,300
603,4,1,28000,300
604,2,1,48000,300
605,1,1,10000,300
606,4,1,28000,300
607,2,1,48000,300
608,4,1,28000,300
609,4,1,28000,300
610,2,1,48000,300
611,4,1,28000,300
612,1,1,10000,300
613,2,1,48000,300
614,2,1,48000,300
615,2,1,48000,300
616,1,1,10000,300
617,1,1,10000,300
618,1,1,10000,300
619,2,1,48000,300
620,1,1,10000,300
621,4,1,28000,300
622,1,1,10000,300
623,1,1,10000,300
624,2,1,48000,300
625,1,1,10000,300
626,1,1,10000,300
627,1,1,10000,300
628,3,1,12000,300
629,1,1,10000,300
630,3,1,12000,300
631,3,1,12000,300
632,2,1,48000,300
633,4,1,28000,300
634,4,1,28000,300
635,2,1,48000,300
636,2,1,48000,300
637,1,1,10000,300
638,3,1,12000,300
639,2,1,48000,300
640,1,1,10000,300
641,3,1,12000,300
642,3,1,12000,300
643,3,1,12000,300
644,4,1,28000,300
645,2,1,48000,300
646,1,1,10000,300
647,1,1,10000,300
648,4,1,28000,300
649,4,1,28000,300
650,2,1,48000,300
651,1,1,10000,300
652,1,1,10000,300
653,3,1,12000,300
654,2,1,48000,300
655,4,1,28000,300
656,4,1,28000,300
657,1,1,10000,300
658,4,1,28000,300
659,2,1,48000,300
660,3,1,12000,300
661,2,1,48000,300
662,3,1,12000,300
663,4,1,28000,300
664,3,1,12000,300
665,4,1,28000,300
666,4,1,28000,300
667,3,1,12000,300
668,1,1,10000,300
669,4,1,28000,300
670,1,1,10000,300
671,1,1,10000,300
672,1,1,10000,300
673,3,1,12000,300
674,4,1,28000,300
675,1,1,10000,300
676,2,1,48000,300
677,4,1,28000,300
678,3,1,12000,300
679,1,1,10000,300
680,3,1,12000,300
681,2,1,48000,300
682,2,1,48000,300
683,1,1,10000,300
684,3,1,12000,300
685,3,1,12000,300
686,4,1,28000,300
687,2,1,48000,300
688,4,1,28000,300
689,1,1,10000,300
690,2,1,48000,300
691,3,1,12000,300
692,1,1,10000,300
693,4,1,28000,300
694,3,1,12000,300
695,4,1,28000,300
696,1,1,10000,300
697,3,1,12000,300
698,2,1,48000,300
699,3,1,12000,300
700,1,1,10000,300
701,2,1,48000,300
702,2,1,48000,300
703,3,1,12000,300
704,1,1,10000,300
705,3,1,12000,300
706,2,1,48000,300
707,3,1,12000,300
708,1,1,10000,300
709,3,1,12000,300
710,2,1,48000,300
711,3,1,12000,300
712,3,1,12000,300
713,4,1,28000,300
714,4,1,28000,300
715,3,1,12000,300
716,3,1,12000,300
717,1,1,10000,300
718,4,1,28000,300
719,1,1,10000,300
720,4,1,28000,300
721,1,1,10000,300
722,3,1,12000,300
723,4,1,28000,300
724,4,1,28000,300
725,4,1,28000,300
726,3,1,12000,300
727,3,1,12000,300
728,2,1,48000,300
729,4,1,28000,300
730,2,1,48000,300
731,3,1,12000,300
732,3,1,12000,300
733,1,1,10000,300
734,4,1,28000,300
735,4,1,28000,300
736,3,1,12000,300
737,3,1,12000,300
738,1,1,10000,300
739,2,1,48000,300
740,3,1,12000,300
741,3,1,12000,300
742,1,1,10000,300
743,3,1,12000,300
744,2,1,48000,300
745,2,1,48000,300
746,4,1,28000,300
747,4,1,28000,300
748,2,1,48000,300
749,2,1,48000,300
750,1,1,10000,300
751,4,1,28000,300
752,2,1,48000,300
753,1,1,10000,300
754,3,1,12000,300
755,2,1,48000,300
756,2,1,48000,300
757,1,1,10000,300
758,1,1,10000,300
759,4,1,28000,300
760,2,1,48000,300
761,2,1,48000,300
762,3,1,12000,300
763,2,1,48000,300
764,2,1,48000,300
765,1,1,10000,300
766,4,1,28000,300
767,2,1,48000,300
768,4,1,28000,300
769,2,1,48000,300
770,4,1,28000,300
771,4,1,28000,300
772,2,1,48000,300
773,3,1,12000,300
774,1,1,10000,300
775,2,1,48000,300
776,1,1,10000,300
777,1,1,10000,300
778,2,1,48000,300
779,1,1,10000,300
780,3,1,12000,300
781,4,1,28000,300
782,3,1,12000,300
783,4,1,28000,300
784,3,1,12000,300
785,1,1,10000,300
786,4,1,28000,300
787,4,1,28000,300
788,2,1,48000,300
789,4,1,28000,300
790,4,1,28000,300
791,2,1,48000,300
792,1,1,10000,300
793,3,1,12000,300
794,2,1,48000,300
795,3,1,12000,300
796,3,1,12000,300
797,1,1,10000,300
798,3,1,12000,300
799,4,1,28000,300
800,4,1,28000,300
801,1,1,10000,600
802,3,1,12000,600
803,2,1,48000,600
804,2,1,48000,600
805,4,1,28000,600
806,2,1,48000,600
807,3,1,12000,600
808,2,1,48000,600
809,2,1,48000,600
810,2,1,48000,600
811,3,1,12000,600
812,2,1,48000,600
813,3,1,12000,600
814,1,1,10000,600
815,2,1,48000,600
816,3,1,12000,600
817,2,1,48000,600
818,3,1,12000,600
819,2,1,48000,600
820,4,1,28000,600
821,2,1,48000,600
822,4,1,28000,600
823,2,1,48000,600
824,1,1,10000,600
825,4,1,28000,600
826,4,1,28000,600
827,2,1,48000,600
828,3,1,12000,600
829,3,1,12000,600
830,4,1,28000,600
831,3,1,12000,600
832,1,1,10000,600
833,2,1,48000,600
834,4,1,28000,600
835,3,1,12000,600
836,3,1,12000,600
837,3,1,12000,600
838,2,1,48000,600
839,4,1,28000,600
840,3,1,12000,600
841,4,1,28000,600
842,3,1,12000,600
843,2,1,48000,600
844,4,1,28000,600
845,2,1,48000,600
846,3,1,12000,600
847,3,1,12000,600
848,3,1,12000,600
849,4,1,28000,600
850,4,1,28000,600
851,2,1,48000,600
852,3,1,12000,600
853,3,1,12000,600
854,4,1,28000,600
855,4,1,28000,600
856,2,1,48000,600
857,1,1,10000,600
858,3,1,12000,600
859,3,1,12000,600
860,1,1,10000,600
861,1,1,10000,600
862,1,1,10000,600
863,1,1,10000,600
864,4,1,28000,600
865,3,1,12000,600
866,4,1,28000,600
867,1,1,10000,600
868,2,1,48000,600
869,1,1,10000,600
870,3,1,12000,600
871,1,1,10000,600
872,2,1,48000,600
873,3,1,12000,600
874,4,1,28000,600
875,4,1,28000,600
876,2,1,48000,600
877,3,1,12000,600
878,4,1,28000,600
879,3,1,12000,600
880,4,1,28000,600
881,3,1,12000,600
882,3,1,12000,600
883,1,1,10000,600
884,2,1,48000,600
885,1,1,10000,600
886,1,1,10000,600
887,3,1,12000,600
888,3,1,12000,600
889,1,1,10000,600
890,3,1,12000,600
891,4,1,28000,600
892,4,1,28000,600
893,3,1,12000,600
894,2,1,48000,600
895,4,1,28000,600
896,1,1,10000,600
897,3,1,12000,600
898,3,1,12000,600
899,2,1,48000,600
900,4,1,28000,600
901,2,1,48000,600
902,2,1,48000,600
903,3,1,12000,600
904,4,1,28000,600
905,3,1,12000,600
906,2,1,48000,600
907,4,1,28000,600
908,2,1,48000,600
909,3,1,12000,600
910,2,1,48000,600
911,3,1,12000,600
912,1,1,10000,600
913,1,1,10000,600
914,3,1,12000,600
915,3,1,12000,600
916,3,1,12000,600
917,3,1,12000,600
918,3,1,12000,600
919,4,1,28000,600
920,4,1,28000,600
921,3,1,12000,600
922,2,1,48000,600
923,2,1,48000,600
924,1,1,10000,600
925,1,1,10000,600
926,3,1,12000,600
927,4,1,28000,600
928,3,1,12000,600
929,3,1,12000,600
930,1,1,10000,600
931,3,1,12000,600
932,2,1,48000,600
933,4,1,28000,600
934,2,1,48000,600
935,1,1,10000,600
936,4,1,28000,600
937,4,1,28000,600
938,1,1,10000,600
939,3,1,12000,600
940,2,1,48000,600
941,3,1,12000,600
942,1,1,10000,600
943,1,1,10000,600
944,2,1,48000,600
945,1,1,10000,600
946,1,1,10000,600
947,3,1,12000,600
948,4,1,28000,600
949,4,1,28000,600
950,4,1,28000,600
951,4,1,28000,600
952,4,1,28000,600
953,1,1,10000,600
954,1,1,10000,600
955,2,1,48000,600
956,3,1,12000,600
957,2,1,48000,600
958,3,1,12000,600
959,3,1,12000,600
960,3,1,12000,600
961,4,1,28000,600
962,2,1,48000,600
963,4,1,28000,600
964,2,1,48000,600
965,2,1,48000,600
966,4,1,28000,600
967,2,1,48000,600
968,3,1,12000,600
969,4,1,28000,600
970,4,1,28000,600
971,4,1,28000,600
972,1,1,10000,600
973,3,1,12000,600
974,2,1,48000,600
975,2,1,48000,600
976,1,1,10000,600
977,1,1,10000,600
978,1,1,10000,600
979,2,1,48000,600
980,3,1,12000,600
981,1,1,10000,600
982,4,1,28000,600
983,1,1,10000,600
984,2,1,48000,600
985,1,1,10000,600
986,3,1,12000,600
987,3,1,12000,600
988,2,1,48000,600
989,3,1,12000,600
990,3,1,12000,600
991,1,1,10000,600
992,2,1,48000,600
993,2,1,48000,600
994,4,1,28000,600
995,4,1,28000,600
996,3,1,12000,600
997,4,1,28000,600
998,1,1,10000,600
999,2,1,48000,600
1000,3,1,12000,600
1001,3,1,12000,600
1002,4,1,28000,600
1003,4,1,28000,600
1004,1,1,10000,600
1005,4,1,28000,600
1006,2,1,48000,600
1007,2,1,48000,600
1008,4,1,28000,600
1009,4,1,28000,600
1010,2,1,48000,600
1011,4,1,28000,600
1012,3,1,12000,600
1013,3,1,12000,600
1014,1,1,10000,600
1015,1,1,10000,600
1016,1,1,10000,600
1017,4,1,28000,600
1018,2,1,48000,600
1019,3,1,12000,600
1020,1,1,10000,600
1021,2,1,48000,600
1022,1,1,10000,600
1023,1,1,10000,600
1024,3,1,12000,600
1025,4,1,28000,600
1026,4,1,28000,600
1027,2,1,48000,600
1028,4,1,28000,600
1029,1,1,10000,600
1030,1,1,10000,600
1031,2,1,48000,600
1032,2,1,48000,600
1033,3,1,12000,600
1034,2,1,48000,600
1035,2,1,48000,600
1036,3,1,12000,600
1037,4,1,28000,600
1038,4,1,28000,600
1039,4,1,28000,600
1040,4,1,28000,600
1041,2,1,48000,600
1042,1,1,10000,600
1043,1,1,10000,600
1044,3,1,12000,600
1045,3,1,12000,600
1046,2,1,48000,600
1047,4,1,28000,600
1048,3,1,12000,600
1049,2,1,48000,600
1050,4,1,28000,600
1051,4,1,28000,600
1052,4,1,28000,600
1053,4,1,28000,600
1054,3,1,12000,600
1055,3,1,12000,600
1056,4,1,28000,600
1057,1,1,10000,600
1058,1,1,10000,600
1059,4,1,28000,600
1060,1,1,10000,600
1061,2,1,48000,600
1062,1,1,10000,600
1063,4,1,28000,600
1064,3,1,12000,600
1065,2,1,48000,600
1066,4,1,28000,600
1067,2,1,48000,600
1068,4,1,28000,600
1069,2,1,48000,600
1070,3,1,12000,600
1071,4,1,28000,600
1072,2,1,48000,600
1073,4,1,28000,600
1074,3,1,12000,600
1075,1,1,10000,600
1076,3,1,12000,600
1077,2,1,48000,600
1078,1,1,10000,600
1079,2,1,48000,600
1080,1,1,10000,600
1081,2,1,48000,600
1082,3,1,12000,600
1083,1,1,10000,600
1084,1,1,10000,600
1085,1,1,10000,600
1086,4,1,28000,600
1087,1,1,10000,600
1088,4,1,28000,600
1089,4,1,28000,600
1090,1,1,10000,600
1091,2,1,48000,600
1092,2,1,48000,600
1093,1,1,10000,600
1094,2,1,48000,600
1095,2,1,48000,600
1096,2,1,48000,600
1097,4,1,28000,600
1098,3,1,12000,600
1099,1,1,10000,600
1100,4,1,28000,600
1101,1,1,10000,600
1102,2,1,48000,600
1103,4,1,28000,600
1104,1,1,10000,600
1105,2,1,48000,600
1106,4,1,28000,600
1107,4,1,28000,600
1108,4,1,28000,600
1109,2,1,48000,600
1110,2,1,48000,600
1111,1,1,10000,600
1112,3,1,12000,600
1113,1,1,10000,600
1114,1,1,10000,600
1115,2,1,48000,600
1116,1,1,10000,600
1117,2,1,48000,600
1118,2,1,48000,600
1119,3,1,12000,600
1120,2,1,48000,600
1121,1,1,10000,600
1122,4,1,28000,600
1123,3,1,12000,600
1124,2,1,48000,600
1125,3,1,12000,600
1126,4,1,28000,600
1127,1,1,10000,600
1128,3,1,12000,600
1129,4,1,28000,600
1130,1,1,10000,600
1131,4,1,28000,600
1132,4,1,28000,600
1133,4,1,28000,600
1134,2,1,48000,600
1135,2,1,48000,600
1136,2,1,48000,600
1137,2,1,48000,600
1138,4,1,28000,600
1139,4,1,28000,600
1140,1,1,10000,600
1141,1,1,10000,600
1142,1,1,10000,600
1143,3,1,12000,600
1144,1,1,10000,600
1145,1,1,10000,600
1146,3,1,12000,600
1147,3,1,12000,600
1148,3,1,12000,600
1149,2,1,48000,600
1150,2,1,48000,600
1151,4,1,28000,600
1152,1,1,10000,600
1153,1,1,10000,600
1154,4,1,28000,600
1155,2,1,48000,600
1156,3,1,12000,600
1157,4,1,28000,600
1158,3,1,12000,600
1159,2,1,48000,600
1160,1,1,10000,600
1161,1,1,10000,600
1162,4,1,28000,600
1163,3,1,12000,600
1164,4,1,28000,600
1165,1,1,10000,600
1166,1,1,10000,600
1167,2,1,48000,600
1168,2,1,48000,600
1169,2,1,48000,600
1170,2,1,48000,600
1171,3,1,12000,600
1172,1,1,10000,600
1173,1,1,10000,600
1174,4,1,28000,600
1175,1,1,10000,600
1176,1,1,10000,600
1177,4,1,28000,600
1178,1,1,10000,600
1179,1,1,10000,600
1180,1,1,10000,600
1181,1,1,10000,600
1182,2,1,48000,600
1183,2,1,48000,600
1184,3,1,12000,600
1185,2,1,48000,600
1186,1,1,10000,600
1187,3,1,12000,600
1188,3,1,12000,600
1189,2,1,48000,600
1190,2,1,48000,600
1191,4,1,28000,600
1192,4,1,28000,600
1193,4,1,28000,600
1194,4,1,28000,600
1195,4,1,28000,600
1196,4,1,28000,600
1197,2,1,48000,600
1198,4,1,28000,600
1199,4,1,28000,600
1200,1,1,10000,600
1201,3,1,12000,600
1202,3,1,12000,600
1203,3,1,12000,600
1204,2,1,48000,600
1205,4,1,28000,600
1206,3,1,12000,600
1207,2,1,48000,600
1208,4,1,28000,600
1209,2,1,48000,600
1210,3,1,12000,600
1211,1,1,10000,600
1212,2,1,48000,600
1213,2,1,48000,600
1214,1,1,10000,600
1215,2,1,48000,600
1216,2,1,48000,600
1217,2,1,48000,600
1218,4,1,28000,600
1219,4,1,28000,600
1220,2,1,48000,600
1221,4,1,28000,600
1222,4,1,28000,600
1223,2,1,48000,600
1224,3,1,12000,600
1225,3,1,12000,600
1226,2,1,48000,600
1227,1,1,10000,600
1228,3,1,12000,600
1229,1,1,10000,600
1230,4,1,28000,600
1231,1,1,10000,600
1232,2,1,48000,600
1233,2,1,48000,600
1234,1,1,10000,600
1235,4,1,28000,600
1236,1,1,10000,600
1237,3,1,12000,600
1238,2,1,48000,600
1239,3,1,12000,600
1240,2,1,48000,600
1241,2,1,48000,600
1242,2,1,48000,600
1243,1,1,10000,600
1244,3,1,12000,600
1245,4,1,28000,600
1246,1,1,10000,600
1247,4,1,28000,600
1248,4,1,28000,600
1249,4,1,28000,600
1250,2,1,48000,600
1251,2,1,48000,600
1252,1,1,10000,600
1253,1,1,10000,600
1254,4,1,28000,600
1255,2,1,48000,600
1256,2,1,48000,600
1257,4,1,28000,600
1258,3,1,12000,600
1259,3,1,12000,600
1260,4,1,28000,600
1261,4,1,28000,600
1262,3,1,12000,600
1263,3,1,12000,600
1264,3,1,12000,600
1265,2,1,48000,600
1266,1,1,10000,600
1267,2,1,48000,600
1268,4,1,28000,600
1269,1,1,10000,600
1270,3,1,12000,600
1271,1,1,10000,600
1272,1,1,10000,600
1273,4,1,28000,600
1274,2,1,48000,600
1275,1,1,10000,600
1276,3,1,12000,600
1277,1,1,10000,600
1278,1,1,10000,600
1279,3,1,12000,600
1280,4,1,28000,600
1281,3,1,12000,600
1282,4,1,28000,600
1283,1,1,10000,600
1284,4,1,28000,600
1285,1,1,10000,600
1286,3,1,12000,600
1287,2,1,48000,600
1288,3,1,12000,600
1289,3,1,12000,600
1290,4,1,28000,600
1291,1,1,10000,600
1292,3,1,12000,600
1293,1,1,10000,600
1294,3,1,12000,600
1295,3,1,12000,600
1296,1,1,10000,600
1297,2,1,48000,600
1298,1,1,10000,600
1299,3,1,12000,600
1300,1,1,10000,600
1301,4,1,28000,600
1302,1,1,10000,600
1303,2,1,48000,600
1304,2,1,48000,600
1305,1,1,10000,600
1306,4,1,28000,600
1307,1,1,10000,600
1308,1,1,10000,600
1309,2,1,48000,600
1310,1,1,10000,600
1311,1,1,10000,600
1312,4,1,28000,600
1313,2,1,48000,600
1314,3,1,12000,600
1315,1,1,10000,600
1316,3,1,12000,600
1317,3,1,12000,600
1318,2,1,48000,600
1319,4,1,28000,600
1320,3,1,12000,600
1321,2,1,48000,600
1322,1,1,10000,600
1323,1,1,10000,600
1324,3,1,12000,600
1325,4,1,28000,600
1326,3,1,12000,600
1327,1,1,10000,600
1328,3,1,12000,600
1329,2,1,48000,600
1330,3,1,12000,600
1331,4,1,28000,600
1332,2,1,48000,600
1333,2,1,48000,600
1334,1,1,10000,600
1335,4,1,28000,600
1336,3,1,12000,600
1337,3,1,12000,600
1338,3,1,12000,600
1339,1,1,10000,600
1340,2,1,48000,600
1341,2,1,48000,600
1342,1,1,10000,600
1343,4,1,28000,600
1344,4,1,28000,600
1345,2,1,48000,600
1346,3,1,12000,600
1347,1,1,10000,600
1348,4,1,28000,600
1349,3,1,12000,600
1350,3,1,12000,600
1351,4,1,28000,600
1352,3,1,12000,600
1353,4,1,28000,600
1354,4,1,28000,600
1355,3,1,12000,600
1356,2,1,48000,600
1357,1,1,10000,600
1358,1,1,10000,600
1359,4,1,28000,600
1360,1,1,10000,600
1361,3,1,12000,600
1362,4,1,28000,600
1363,4,1,28000,600
1364,3,1,12000,600
1365,2,1,48000,600
1366,4,1,28000,600
1367,3,1,12000,600
1368,3,1,12000,600
1369,1,1,10000,600
1370,2,1,48000,600
1371,4,1,28000,600
1372,3,1,12000,600
1373,4,1,28000,600
1374,3,1,12000,600
1375,2,1,48000,600
1376,2,1,48000,600
1377,4,1,28000,600
1378,1,1,10000,600
1379,2,1,48000,600
1380,3,1,12000,600
1381,3,1,12000,600
1382,4,1,28000,600
1383,3,1,12000,600
1384,2,1,48000,600
1385,2,1,48000,600
1386,3,1,12000,600
1387,3,1,12000,600
1388,4,1,28000,600
1389,3,1,12000,600
1390,1,1,10000,600
1391,3,1,12000,600
1392,3,1,12000,600
1393,4,1,28000,600
1394,3,1,12000,600
1395,3,1,12000,600
1396,2,1,48000,600
1397,3,1,12000,600
1398,4,1,28000,600
1399,3,1,12000,600
1400,3,1,12000,600
1401,2,1,48000,600
1402,1,1,10000,600
1403,1,1,10000,600
1404,3,1,12000,600
1405,4,1,28000,600
1406,3,1,12000,600
1407,1,1,10000,600
1408,1,1,10000,600
1409,4,1,28000,600
1410,2,1,48000,600
1411,2,1,48000,600
1412,2,1,48000,600
1413,3,1,12000,600
1414,3,1,12000,600
1415,2,1,48000,600
1416,1,1,10000,600
1417,1,1,10000,600
1418,3,1,12000,600
1419,4,1,28000,600
1420,2,1,48000,600
1421,1,1,10000,600
1422,4,1,28000,600
1423,1,1,10000,600
1424,1,1,10000,600
1425,1,1,10000,600
1426,4,1,28000,600
1427,3,1,12000,600
1428,3,1,12000,600
1429,1,1,10000,600
1430,3,1,12000,600
1431,2,1,48000,600
1432,1,1,10000,600
1433,1,1,10000,600
1434,2,1,48000,600
1435,2,1,48000,600
1436,2,1,48000,600
1437,2,1,48000,600
1438,3,1,12000,600
1439,1,1,10000,600
1440,1,1,10000,600
1441,3,1,12000,600
1442,3,1,12000,600
1443,2,1,48000,600
1444,2,1,48000,600
1445,4,1,28000,600
1446,2,1,48000,600
1447,3,1,12000,600
1448,4,1,28000,600
1449,1,1,10000,600
1450,2,1,48000,600
1451,3,1,12000,600
1452,1,1,10000,600
1453,3,1,12000,600
1454,4,1,28000,600
1455,4,1,28000,600
1456,3,1,12000,600
1457,4,1,28000,600
1458,1,1,10000,600
1459,2,1,48000,600
1460,4,1,28000,600
1461,1,1,10000,600
1462,4,1,28000,600
1463,4,1,28000,600
1464,4,1,28000,600
1465,3,1,12000,600
1466,1,1,10000,600
1467,1,1,10000,600
1468,4,1,28000,600
1469,2,1,48000,600
1470,1,1,10000,600
1471,3,1,12000,600
1472,1,1,10000,600
1473,1,1,10000,600
1474,4,1,28000,600
1475,2,1,48000,600
1476,2,1,48000,600
1477,4,1,28000,600
1478,1,1,10000,600
1479,1,1,10000,600
1480,2,1,48000,600
1481,2,1,48000,600
1482,2,1,48000,600
1483,2,1,48000,600
1484,1,1,10000,600
1485,4,1,28000,600
1486,3,1,12000,600
1487,1,1,10000,600
1488,3,1,12000,600
1489,2,1,48000,600
1490,4,1,28000,600
1491,4,1,28000,600
1492,4,1,28000,600
1493,1,1,10000,600
1494,2,1,48000,600
1495,2,1,48000,600
1496,2,1,48000,600
1497,3,1,12000,600
1498,4,1,28000,600
1499,4,1,28000,600
1500,1,1,10000,600
1501,4,1,28000,600
1502,4,1,28000,600
1503,2,1,48000,600
1504,4,1,28000,600
1505,4,1,28000,600
1506,1,1,10000,600
1507,3,1,12000,600
1508,4,1,28000,600
1509,2,1,48000,600
1510,2,1,48000,600
1511,2,1,48000,600
1512,3,1,12000,600
1513,3,1,12000,600
1514,3,1,12000,600
1515,3,1,12000,600
1516,1,1,10000,600
1517,4,1,28000,600
1518,4,1,28000,600
1519,4,1,28000,600
1520,1,1,10000,600
1521,2,1,48000,600
1522,1,1,10000,600
1523,2,1,48000,600
1524,1,1,10000,600
1525,2,1,48000,600
1526,3,1,12000,600
1527,1,1,10000,600
1528,2,1,48000,600
1529,1,1,10000,600
1530,1,1,10000,600
1531,4,1,28000,600
1532,1,1,10000,600
1533,1,1,10000,600
1534,4,1,28000,600
1535,4,1,28000,600
1536,3,1,12000,600
1537,4,1,28000,600
1538,3,1,12000,600
1539,3,1,12000,600
1540,2,1,48000,600
1541,2,1,48000,600
1542,3,1,12000,600
1543,2,1,48000,600
1544,3,1,12000,600
1545,2,1,48000,600
1546,1,1,10000,600
1547,2,1,48000,600
1548,1,1,10000,600
1549,3,1,12000,600
1550,1,1,10000,600
1551,1,1,10000,600
1552,1,1,10000,600
1553,4,1,28000,600
1554,1,1,10000,600
1555,2,1,48000,600
1556,3,1,12000,600
1557,4,1,28000,600
1558,4,1,28000,600
1559,2,1,48000,600
1560,1,1,10000,600
1561,4,1,28000,600
1562,1,1,10000,600
1563,4,1,28000,600
1564,4,1,28000,600
1565,1,1,10000,600
1566,1,1,10000,600
1567,3,1,12000,600
1568,4,1,28000,600
1569,3,1,12000,600
1570,3,1,12000,600
1571,1,1,10000,600
1572,3,1,12000,600
1573,2,1,48000,600
1574,2,1,48000,600
1575,3,1,12000,600
1576,1,1,10000,600
1577,1,1,10000,600
1578,3,1,12000,600
1579,4,1,28000,600
1580,1,1,10000,600
1581,3,1,12000,600
1582,1,1,10000,600
1583,1,1,10000,600
1584,4,1,28000,600
1585,4,1,28000,600
1586,2,1,48000,600
1587,4,1,28000,600
1588,4,1,28000,600
1589,4,1,28000,600
1590,1,1,10000,600
1591,4,1,28000,600
1592,2,1,48000,600
1593,3,1,12000,600
1594,4,1,28000,600
1595,2,1,48000,600
1596,4,1,28000,600
1597,3,1,12000,600
1598,2,1,48000,600
1599,4,1,28000,600
1600,3,1,12000,600
1601,4,1,28000,900
1602,3,1,12000,900
1603,4,1,28000,900
1604,2,1,48000,900
1605,1,1,10000,900
1606,4,1,28000,900
1607,4,1,28000,900
1608,3,1,12000,900
1609,1,1,10000,900
1610,1,1,10000,900
1611,3,1,12000,900
1612,2,1,48000,900
1613,3,1,12000,900
1614,4,1,28000,900
1615,1,1,10000,900
1616,3,1,12000,900
1617,3,1,12000,900
1618,2,1,48000,900
1619,4,1,28000,900
1620,4,1,28000,900
1621,1,1,10000,900
1622,1,1,10000,900
1623,4,1,28000,900
1624,1,1,10000,900
1625,4,1,28000,900
1626,3,1,12000,900
1627,1,1,10000,900
1628,3,1,12000,900
1629,3,1,12000,900
1630,4,1,28000,900
1631,4,1,28000,900
1632,2,1,48000,900
1633,1,1,10000,900
1634,4,1,28000,900
1635,1,1,10000,900
1636,2,1,48000,900
1637,2,1,48000,900
1638,1,1,10000,900
1639,3,1,12000,900
1640,3,1,12000,900
1641,1,1,10000,900
1642,4,1,28000,900
1643,3,1,12000,900
1644,1,1,10000,900
1645,3,1,12000,900
1646,2,1,48000,900
1647,1,1,10000,900
1648,4,1,28000,900
1649,2,1,48000,900
1650,2,1,48000,900
1651,3,1,12000,900
1652,3,1,12000,900
1653,4,1,28000,900
1654,3,1,12000,900
1655,1,1,10000,900
1656,4,1,28000,900
1657,4,1,28000,900
1658,3,1,12000,900
1659,2,1,48000,900
1660,4,1,28000,900
1661,1,1,10000,900
1662,2,1,48000,900
1663,3,1,12000,900
1664,1,1,10000,900
1665,2,1,48000,900
1666,2,1,48000,900
1667,1,1,10000,900
1668,2,1,48000,900
1669,4,1,28000,900
1670,4,1,28000,900
1671,3,1,12000,900
1672,2,1,48000,900
1673,4,1,28000,900
1674,4,1,28000,900
1675,1,1,10000,900
1676,4,1,28000,900
1677,1,1,10000,900
1678,4,1,28000,900
1679,1,1,10000,900
1680,1,1,10000,900
1681,4,1,28000,900
1682,4,1,28000,900
1683,3,1,12000,900
1684,2,1,48000,900
1685,1,1,10000,900
1686,2,1,48000,900
1687,4,1,28000,900
1688,3,1,12000,900
1689,3,1,12000,900
1690,2,1,48000,900
1691,2,1,48000,900
1692,3,1,12000,900
1693,4,1,28000,900
1694,3,1,12000,900
1695,4,1,28000,900
1696,1,1,10000,900
1697,2,1,48000,900
1698,4,1,28000,900
1699,2,1,48000,900
1700,2,1,48000,900
1701,2,1,48000,900
1702,3,1,12000,900
1703,4,1,28000,900
1704,4,1,28000,900
1705,2,1,48000,900
1706,2,1,48000,900
1707,4,1,28000,900
1708,2,1,48000,900
1709,3,1,12000,900
1710,1,1,10000,900
1711,1,1,10000,900
1712,3,1,12000,900
1713,1,1,10000,900
1714,3,1,12000,900
1715,2,1,48000,900
1716,4,1,28000,900
1717,3,1,12000,900
1718,1,1,10000,900
1719,4,1,28000,900
1720,2,1,48000,900
1721,3,1,12000,900
1722,1,1,10000,900
1723,2,1,48000,900
1724,3,1,12000,900
1725,2,1,48000,900
1726,2,1,48000,900
1727,2,1,48000,900
1728,4,1,28000,900
1729,3,1,12000,900
1730,2,1,48000,900
1731,2,1,48000,900
1732,2,1,48000,900
1733,3,1,12000,900
1734,3,1,12000,900
1735,1,1,10000,900
1736,1,1,10000,900
1737,4,1,28000,900
1738,1,1,10000,900
1739,2,1,48000,900
1740,3,1,12000,900
1741,2,1,48000,900
1742,1,1,10000,900
1743,4,1,28000,900
1744,1,1,10000,900
1745,3,1,12000,900
1746,3,1,12000,900
1747,1,1,10000,900
1748,2,1,48000,900
1749,2,1,48000,900
1750,2,1,48000,900
1751,1,1,10000,900
1752,3,1,12000,900
1753,1,1,10000,900
1754,4,1,28000,900
1755,4,1,28000,900
1756,3,1,12000,900
1757,2,1,48000,900
1758,1,1,10000,900
1759,3,1,12000,900
1760,4,1,28000,900
1761,4,1,28000,900
1762,2,1,48000,900
1763,1,1,10000,900
1764,4,1,28000,900
1765,4,1,28000,900
1766,2,1,48000,900
1767,4,1,28000,900
1768,1,1,10000,900
1769,3,1,12000,900
1770,4,1,28000,900
1771,1,1,10000,900
1772,2,1,48000,900
1773,1,1,10000,900
1774,1,1,10000,900
1775,4,1,28000,900
1776,1,1,10000,900
1777,3,1,12000,900
1778,3,1,12000,900
1779,1,1,10000,900
1780,1,1,10000,900
1781,1,1,10000,900
1782,2,1,48000,900
1783,3,1,12000,900
1784,3,1,12000,900
1785,3,1,12000,900
1786,4,1,28000,900
1787,3,1,12000,900
1788,2,1,48000,900
1789,2,1,48000,900
1790,1,1,10000,900
1791,1,1,10000,900
1792,1,1,10000,900
1793,2,1,48000,900
1794,1,1,10000,900
1795,4,1,28000,900
1796,1,1,10000,900
1797,2,1,48000,900
1798,1,1,10000,900
1799,1,1,10000,900
1800,4,1,28000,900
1801,3,1,12000,900
1802,2,1,48000,900
1803,4,1,28000,900
1804,3,1,12000,900
1805,4,1,28000,900
1806,4,1,28000,900
1807,2,1,48000,900
1808,3,1,12000,900
1809,2,1,48000,900
1810,2,1,48000,900
1811,1,1,10000,900
1812,4,1,28000,900
1813,1,1,10000,900
1814,3,1,12000,900
1815,1,1,10000,900
1816,2,1,48000,900
1817,2,1,48000,900
1818,3,1,12000,900
1819,4,1,28000,900
1820,3,1,12000,900
1821,3,1,12000,900
1822,3,1,12000,900
1823,2,1,48000,900
1824,1,1,10000,900
1825,3,1,12000,900
1826,3,1,12000,900
1827,4,1,28000,900
1828,3,1,12000,900
1829,4,1,28000,900
1830,1,1,10000,900
1831,3,1,12000,900
1832,3,1,12000,900
1833,4,1,28000,900
1834,3,1,12000,900
1835,1,1,10000,900
1836,4,1,28000,900
1837,2,1,48000,900
1838,3,1,12000,900
1839,3,1,12000,900
1840,1,1,10000,900
1841,1,1,10000,900
1842,3,1,12000,900
1843,1,1,10000,900
1844,1,1,10000,900
1845,3,1,12000,900
1846,2,1,48000,900
1847,2,1,48000,900
1848,1,1,10000,900
1849,1,1,10000,900
1850,4,1,28000,900
1851,3,1,12000,900
1852,2,1,48000,900
1853,4,1,28000,900
1854,1,1,10000,900
1855,1,1,10000,900
1856,1,1,10000,900
1857,1,1,10000,900
1858,4,1,28000,900
1859,4,1,28000,900
1860,4,1,28000,900
1861,1,1,10000,900
1862,3,1,12000,900
1863,4,1,28000,900
1864,3,1,12000,900
1865,3,1,12000,900
1866,1,1,10000,900
1867,4,1,28000,900
1868,2,1,48000,900
1869,3,1,12000,900
1870,4,1,28000,900
1871,3,1,12000,900
1872,1,1,10000,900
1873,3,1,12000,900
1874,2,1,48000,900
1875,2,1,48000,900
1876,4,1,28000,900
1877,3,1,12000,900
1878,3,1,12000,900
1879,2,1,48000,900
1880,4,1,28000,900
1881,1,1,10000,900
1882,1,1,10000,900
1883,4,1,28000,900
1884,1,1,10000,900
1885,2,1,48000,900
1886,3,1,12000,900
1887,1,1,10000,900
1888,1,1,10000,900
1889,1,1,10000,900
1890,4,1,28000,900
1891,3,1,12000,900
1892,2,1,48000,900
1893,1,1,10000,900
1894,3,1,12000,900
1895,2,1,48000,900
1896,4,1,28000,900
1897,3,1,12000,900
1898,4,1,28000,900
1899,3,1,12000,900
1900,1,1,10000,900
1901,4,1,28000,900
1902,3,1,12000,900
1903,2,1,48000,900
1904,1,1,10000,900
1905,1,1,10000,900
1906,2,1,48000,900
1907,4,1,28000,900
1908,4,1,28000,900
1909,1,1,10000,900
1910,2,1,48000,900
1911,1,1,10000,900
1912,4,1,28000,900
1913,2,1,48000,900
1914,2,1,48000,900
1915,4,1,28000,900
1916,4,1,28000,900
1917,2,1,48000,900
1918,2,1,48000,900
1919,1,1,10000,900
1920,3,1,12000,900
1921,2,1,48000,900
1922,1,1,10000,900
1923,4,1,28000,900
1924,2,1,48000,900
1925,4,1,28000,900
1926,3,1,12000,900
1927,1,1,10000,900
1928,3,1,12000,900
1929,1,1,10000,900
1930,1,1,10000,900
1931,4,1,28000,900
1932,1,1,10000,900
1933,2,1,48000,900
1934,4,1,28000,900
1935,2,1,48000,900
1936,2,1,48000,900
1937,1,1,10000,900
1938,2,1,48000,900
1939,3,1,12000,900
1940,4,1,28000,900
1941,3,1,12000,900
1942,4,1,28000,900
1943,3,1,12000,900
1944,1,1,10000,900
1945,4,1,28000,900
1946,1,1,10000,900
1947,1,1,10000,900
1948,4,1,28000,900
1949,4,1,28000,900
1950,4,1,28000,900
1951,4,1,28000,900
1952,3,1,12000,900
1953,4,1,28000,900
1954,4,1,28000,900
1955,4,1,28000,900
1956,3,1,12000,900
1957,3,1,12000,900
1958,2,1,48000,900
1959,4,1,28000,900
1960,3,1,12000,900
1961,3,1,12000,900
1962,3,1,12000,900
1963,3,1,12000,900
1964,2,1,48000,900
1965,1,1,10000,900
1966,4,1,28000,900
1967,3,1,12000,900
1968,4,1,28000,900
1969,1,1,10000,900
1970,4,1,28000,900
1971,2,1,48000,900
1972,3,1,12000,900
1973,2,1,48000,900
1974,4,1,28000,900
1975,2,1,48000,900
1976,3,1,12000,900
1977,3,1,12000,900
1978,3,1,12000,900
1979,2,1,48000,900
1980,2,1,48000,900
1981,1,1,10000,900
1982,4,1,28000,900
1983,2,1,48000,900
1984,1,1,10000,900
1985,3,1,12000,900
1986,3,1,12000,900
1987,3,1,12000,900
1988,1,1,10000,900
1989,4,1,28000,900
1990,1,1,10000,900
1991,1,1,10000,900
1992,2,1,48000,900
1993,4,1,28000,900
1994,2,1,48000,900
1995,2,1,48000,900
1996,1,1,10000,900
1997,3,1,12000,900
1998,2,1,48000,900
1999,2,1,48000,900
2000,3,1,12000,900
2001,4,1,28000,900
2002,3,1,12000,900
2003,2,1,48000,900
2004,2,1,48000,900
2005,3,1,12000,900
2006,3,1,12000,900
2007,1,1,10000,900
2008,2,1,48000,900
2009,4,1,28000,900
2010,1,1,10000,900
2011,1,1,10000,900
2012,3,1,12000,900
2013,2,1,48000,900
2014,2,1,48000,900
2015,1,1,10000,900
2016,2,1,48000,900
2017,2,1,48000,900
2018,1,1,10000,900
2019,3,1,12000,900
2020,4,1,28000,900
2021,4,1,28000,900
2022,3,1,12000,900
2023,1,1,10000,900
2024,4,1,28000,900
2025,4,1,28000,900
2026,4,1,28000,900
2027,3,1,12000,900
2028,1,1,10000,900
2029,1,1,10000,900
2030,1,1,10000,900
2031,1,1,10000,900
2032,3,1,12000,900
2033,1,1,10000,900
2034,2,1,48000,900
2035,3,1,12000,900
2036,3,1,12000,900
2037,2,1,48000,900
2038,2,1,48000,900
2039,1,1,10000,900
2040,3,1,12000,900
2041,3,1,12000,900
2042,3,1,12000,900
2043,1,1,10000,900
2044,4,1,28000,900
2045,3,1,12000,900
2046,2,1,48000,900
2047,1,1,10000,900
2048,1,1,10000,900
2049,3,1,12000,900
2050,2,1,48000,900
2051,1,1,10000,900
2052,4,1,28000,900
2053,3,1,12000,900
2054,4,1,28000,900
2055,2,1,48000,900
2056,2,1,48000,900
2057,4,1,28000,900
2058,2,1,48000,900
2059,1,1,10000,900
2060,4,1,28000,900
2061,4,1,28000,900
2062,1,1,10000,900
2063,2,1,48000,900
2064,1,1,10000,900
2065,1,1,10000,900
2066,3,1,12000,900
2067,3,1,12000,900
2068,4,1,28000,900
2069,3,1,12000,900
2070,4,1,28000,900
2071,3,1,12000,900
2072,4,1,28000,900
2073,1,1,10000,900
2074,1,1,10000,900
2075,4,1,28000,900
2076,2,1,48000,900
2077,1,1,10000,900
2078,1,1,10000,900
2079,3,1,12000,900
2080,1,1,10000,900
2081,2,1,48000,900
2082,2,1,48000,900
2083,2,1,48000,900
2084,1,1,10000,900
2085,1,1,10000,900
2086,1,1,10000,900
2087,3,1,12000,900
2088,3,1,12000,900
2089,1,1,10000,900
2090,3,1,12000,900
2091,3,1,12000,900
2092,2,1,48000,900
2093,4,1,28000,900
2094,2,1,48000,900
2095,4,1,28000,900
2096,4,1,28000,900
2097,1,1,10000,900
2098,4,1,28000,900
2099,2,1,48000,900
2100,3,1,12000,900
2101,2,1,48000,900
2102,4,1,28000,900
2103,2,1,48000,900
2104,2,1,48000,900
2105,2,1,48000,900
2106,4,1,28000,900
2107,2,1,48000,900
2108,2,1,48000,900
2109,3,1,12000,900
2110,3,1,12000,900
2111,2,1,48000,900
2112,2,1,48000,900
2113,2,1,48000,900
2114,2,1,48000,900
2115,3,1,12000,900
2116,4,1,28000,900
2117,4,1,28000,900
2118,3,1,12000,900
2119,2,1,48000,900
2120,4,1,28000,900
2121,1,1,10000,900
2122,4,1,28000,900
2123,3,1,12000,900
2124,2,1,48000,900
2125,1,1,10000,900
2126,1,1,10000,900
2127,4,1,28000,900
2128,4,1,28000,900
2129,4,1,28000,900
2130,2,1,48000,900
2131,4,1,28000,900
2132,2,1,48000,900
2133,4,1,28000,900
2134,1,1,10000,900
2135,1,1,10000,900
2136,1,1,10000,900
2137,1,1,10000,900
2138,4,1,28000,900
2139,4,1,28000,900
2140,4,1,28000,900
2141,2,1,48000,900
2142,1,1,10000,900
2143,2,1,48000,900
2144,4,1,28000,900
2145,4,1,28000,900
2146,1,1,10000,900
2147,1,1,10000,900
2148,3,1,12000,900
2149,1,1,10000,900
2150,3,1,12000,900
2151,4,1,28000,900
2152,2,1,48000,900
2153,3,1,12000,900
2154,4,1,28000,900
2155,4,1,28000,900
2156,3,1,12000,900
2157,1,1,10000,900
2158,3,1,12000,900
2159,4,1,28000,900
2160,3,1,12000,900
2161,3,1,12000,900
2162,3,1,12000,900
2163,2,1,48000,900
2164,3,1,12000,900
2165,2,1,48000,900
2166,4,1,28000,900
2167,1,1,10000,900
2168,2,1,48000,900
2169,1,1,10000,900
2170,4,1,28000,900
2171,1,1,10000,900
2172,2,1,48000,900
2173,4,1,28000,900
2174,2,1,48000,900
2175,3,1,12000,900
2176,2,1,48000,900
2177,4,1,28000,900
2178,2,1,48000,900
2179,3,1,12000,900
2180,3,1,12000,900
2181,2,1,48000,900
2182,3,1,12000,900
2183,3,1,12000,900
2184,4,1,28000,900
2185,4,1,28000,900
2186,2,1,48000,900
2187,2,1,48000,900
2188,2,1,48000,900
2189,2,1,48000,900
2190,3,1,12000,900
2191,1,1,10000,900
2192,3,1,12000,900
2193,2,1,48000,900
2194,4,1,28000,900
2195,4,1,28000,900
2196,2,1,48000,900
2197,1,1,10000,900
2198,4,1,28000,900
2199,4,1,28000,900
2200,4,1,28000,900
2201,3,1,12000,900
2202,1,1,10000,900
2203,2,1,48000,900
2204,1,1,10000,900
2205,3,1,12000,900
2206,3,1,12000,900
2207,3,1,12000,900
2208,1,1,10000,900
2209,2,1,48000,900
2210,4,1,28000,900
2211,2,1,48000,900
2212,1,1,10000,900
2213,2,1,48000,900
2214,1,1,10000,900
2215,4,1,28000,900
2216,2,1,48000,900
2217,2,1,48000,900
2218,1,1,10000,900
2219,2,1,48000,900
2220,4,1,28000,900
2221,1,1,10000,900
2222,4,1,28000,900
2223,4,1,28000,900
2224,2,1,48000,900
2225,4,1,28000,900
2226,3,1,12000,900
2227,4,1,28000,900
2228,4,1,28000,900
2229,1,1,10000,900
2230,1,1,10000,900
2231,3,1,12000,900
2232,1,1,10000,900
2233,1,1,10000,900
2234,2,1,48000,900
2235,4,1,28000,900
2236,1,1,10000,900
2237,4,1,28000,900
2238,4,1,28000,900
2239,3,1,12000,900
2240,3,1,12000,900
2241,4,1,28000,900
2242,4,1,28000,900
2243,1,1,10000,900
2244,4,1,28000,900
2245,3,1,12000,900
2246,2,1,48000,900
2247,1,1,10000,900
2248,3,1,12000,900
2249,1,1,10000,900
2250,3,1,12000,900
2251,3,1,12000,900
2252,1,1,10000,900
2253,4,1,28000,900
2254,3,1,12000,900
2255,4,1,28000,900
2256,4,1,28000,900
2257,2,1,48000,900
2258,4,1,28000,900
2259,2,1,48000,900
2260,4,1,28000,900
2261,2,1,48000,900
2262,2,1,48000,900
2263,3,1,12000,900
2264,4,1,28000,900
2265,1,1,10000,900
2266,2,1,48000,900
2267,3,1,12000,900
2268,3,1,12000,900
2269,1,1,10000,900
2270,1,1,10000,900
2271,4,1,28000,900
2272,2,1,48000,900
2273,1,1,10000,900
2274,4,1,28000,900
2275,3,1,12000,900
2276,4,1,28000,900
2277,4,1,28000,900
2278,1,1,10000,900
2279,4,1,28000,900
2280,3,1,12000,900
2281,1,1,10000,900
2282,3,1,12000,900
2283,1,1,10000,900
2284,2,1,48000,900
2285,3,1,12000,900
2286,1,1,10000,900
2287,1,1,10000,900
2288,1,1,10000,900
2289,2,1,48000,900
2290,3,1,12000,900
2291,1,1,10000,900
2292,1,1,10000,900
2293,1,1,10000,900
2294,4,1,28000,900
2295,1,1,10000,900
2296,1,1,10000,900
2297,2,1,48000,900
2298,2,1,48000,900
2299,1,1,10000,900
2300,1,1,10000,900
2301,4,1,28000,900
2302,4,1,28000,900
2303,1,1,10000,900
2304,4,1,28000,900
2305,1,1,10000,900
2306,3,1,12000,900
2307,4,1,28000,900
2308,3,1,12000,900
2309,1,1,10000,900
2310,1,1,10000,900
2311,1,1,10000,900
2312,1,1,10000,900
2313,4,1,28000,900
2314,3,1,12000,900
2315,3,1,12000,900
2316,2,1,48000,900
2317,2,1,48000,900
2318,1,1,10000,900
2319,4,1,28000,900
2320,2,1,48000,900
2321,3,1,12000,900
2322,2,1,48000,900
2323,4,1,28000,900
2324,2,1,48000,900
2325,2,1,48000,900
2326,1,1,10000,900
2327,4,1,28000,900
2328,3,1,12000,900
2329,4,1,28000,900
2330,4,1,28000,900
2331,1,1,10000,900
2332,2,1,48000,900
2333,4,1,28000,900
2334,1,1,10000,900
2335,2,1,48000,900
2336,3,1,12000,900
2337,1,1,10000,900
2338,4,1,28000,900
2339,4,1,28000,900
2340,4,1,28000,900
2341,2,1,48000,900
2342,4,1,28000,900
2343,4,1,28000,900
2344,2,1,48000,900
2345,4,1,28000,900
2346,4,1,28000,900
2347,4,1,28000,900
2348,4,1,28000,900
2349,3,1,12000,900
2350,2,1,48000,900
2351,4,1,28000,900
2352,1,1,10000,900
2353,3,1,12000,900
2354,2,1,48000,900
2355,1,1,10000,900
2356,4,1,28000,900
2357,3,1,12000,900
2358,4,1,28000,900
2359,1,1,10000,900
2360,3,1,12000,900
2361,4,1,28000,900
2362,4,1,28000,900
2363,4,1,28000,900
2364,3,1,12000,900
2365,4,1,28000,900
2366,1,1,10000,900
2367,4,1,28000,900
2368,3,1,12000,900
2369,2,1,48000,900
2370,3,1,12000,900
2371,3,1,12000,900
2372,3,1,12000,900
2373,2,1,48000,900
2374,1,1,10000,900
2375,1,1,10000,900
2376,1,1,10000,900
2377,4,1,28000,900
2378,3,1,12000,900
2379,1,1,10000,900
2380,3,1,12000,900
2381,4,1,28000,900
2382,4,1,28000,900
2383,3,1,12000,900
2384,2,1,48000,900
2385,4,1,28000,900
2386,2,1,48000,900
2387,4,1,28000,900
2388,2,1,48000,900
2389,3,1,12000,900
2390,1,1,10000,900
2391,1,1,10000,900
2392,4,1,28000,900
2393,1,1,10000,900
2394,4,1,28000,900
2395,4,1,28000,900
2396,4,1,28000,900
2397,3,1,12000,900
2398,2,1,48000,900
2399,2,1,48000,900
2400,2,1,48000,900
2401,3,1,12000,1200
2402,1,1,10000,1200
2403,2,1,48000,1200
2404,4,1,28000,1200
2405,4,1,28000,1200
2406,2,1,48000,1200
2407,4,1,28000,1200
2408,1,1,10000,1200
2409,2,1,48000,1200
2410,1,1,10000,1200
2411,4,1,28000,1200
2412,4,1,28000,1200
2413,2,1,48000,1200
2414,4,1,28000,1200
2415,4,1,28000,1200
2416,3,1,12000,1200
2417,3,1,12000,1200
2418,4,1,28000,1200
2419,3,1,12000,1200
2420,2,1,48000,1200
2421,4,1,28000,1200
2422,1,1,10000,1200
2423,1,1,10000,1200
2424,2,1,48000,1200
2425,1,1,10000,1200
2426,1,1,10000,1200
2427,2,1,48000,1200
2428,3,1,12000,1200
2429,2,1,48000,1200
2430,4,1,28000,1200
2431,1,1,10000,1200
2432,4,1,28000,1200
2433,2,1,48000,1200
2434,3,1,12000,1200
2435,1,1,10000,1200
2436,1,1,10000,1200
2437,2,1,48000,1200
2438,3,1,12000,1200
2439,4,1,28000,1200
2440,2,1,48000,1200
2441,4,1,28000,1200
2442,1,1,10000,1200
2443,1,1,10000,1200
2444,4,1,28000,1200
2445,3,1,12000,1200
2446,3,1,12000,1200
2447,4,1,28000,1200
2448,2,1,48000,1200
2449,4,1,28000,1200
2450,2,1,48000,1200
2451,1,1,10000,1200
2452,4,1,28000,1200
2453,4,1,28000,1200
2454,2,1,48000,1200
2455,4,1,28000,1200
2456,4,1,28000,1200
2457,2,1,48000,1200
2458,2,1,48000,1200
2459,3,1,12000,1200
2460,1,1,10000,1200
2461,4,1,28000,1200
2462,1,1,10000,1200
2463,3,1,12000,1200
2464,4,1,28000,1200
2465,4,1,28000,1200
2466,1,1,10000,1200
2467,2,1,48000,1200
2468,2,1,48000,1200
2469,4,1,28000,1200
2470,2,1,48000,1200
2471,1,1,10000,1200
2472,3,1,12000,1200
2473,1,1,10000,1200
2474,4,1,28000,1200
2475,3,1,12000,1200
2476,2,1,48000,1200
2477,4,1,28000,1200
2478,3,1,12000,1200
2479,2,1,48000,1200
2480,2,1,48000,1200
2481,4,1,28000,1200
2482,1,1,10000,1200
2483,3,1,12000,1200
2484,1,1,10000,1200
2485,3,1,12000,1200
2486,3,1,12000,1200
2487,2,1,48000,1200
2488,3,1,12000,1200
2489,3,1,12000,1200
2490,2,1,48000,1200
2491,3,1,12000,1200
2492,4,1,28000,1200
2493,1,1,10000,1200
2494,1,1,10000,1200
2495,2,1,48000,1200
2496,4,1,28000,1200
2497,2,1,48000,1200
2498,1,1,10000,1200
2499,1,1,10000,1200
2500,3,1,12000,1200
2501,1,1,10000,1200
2502,4,1,28000,1200
2503,1,1,10000,1200
2504,4,1,28000,1200
2505,1,1,10000,1200
2506,2,1,48000,1200
2507,2,1,48000,1200
2508,3,1,12000,1200
2509,3,1,12000,1200
2510,2,1,48000,1200
2511,4,1,28000,1200
2512,4,1,28000,1200
2513,1,1,10000,1200
2514,2,1,48000,1200
2515,4,1,28000,1200
2516,2,1,48000,1200
2517,1,1,10000,1200
2518,1,1,10000,1200
2519,1,1,10000,1200
2520,4,1,28000,1200
2521,3,1,12000,1200
2522,2,1,48000,1200
2523,1,1,10000,1200
2524,2,1,48000,1200
2525,2,1,48000,1200
2526,1,1,10000,1200
2527,4,1,28000,1200
2528,4,1,28000,1200
2529,3,1,12000,1200
2530,2,1,48000,1200
2531,4,1,28000,1200
2532,4,1,28000,1200
2533,1,1,10000,1200
2534,4,1,28000,1200
2535,2,1,48000,1200
2536,3,1,12000,1200
2537,3,1,12000,1200
2538,3,1,12000,1200
2539,2,1,48000,1200
2540,1,1,10000,1200
2541,3,1,12000,1200
2542,4,1,28000,1200
2543,2,1,48000,1200
2544,1,1,10000,1200
2545,2,1,48000,1200
2546,3,1,12000,1200
2547,4,1,28000,1200
2548,1,1,10000,1200
2549,4,1,28000,1200
2550,2,1,48000,1200
2551,2,1,48000,1200
2552,2,1,48000,1200
2553,3,1,12000,1200
2554,1,1,10000,1200
2555,3,1,12000,1200
2556,2,1,48000,1200
2557,4,1,28000,1200
2558,1,1,10000,1200
2559,3,1,12000,1200
2560,2,1,48000,1200
2561,1,1,10000,1200
2562,2,1,48000,1200
2563,4,1,28000,1200
2564,4,1,28000,1200
2565,3,1,12000,1200
2566,2,1,48000,1200
2567,2,1,48000,1200
2568,3,1,12000,1200
2569,4,1,28000,1200
2570,1,1,10000,1200
2571,3,1,12000,1200
2572,2,1,48000,1200
2573,4,1,28000,1200
2574,3,1,12000,1200
2575,3,1,12000,1200
2576,4,1,28000,1200
2577,3,1,12000,1200
2578,3,1,12000,1200
2579,4,1,28000,1200
2580,2,1,48000,1200
2581,2,1,48000,1200
2582,2,1,48000,1200
2583,2,1,48000,1200
2584,1,1,10000,1200
2585,4,1,28000,1200
2586,3,1,12000,1200
2587,2,1,48000,1200
2588,2,1,48000,1200
2589,4,1,28000,1200
2590,3,1,12000,1200
2591,1,1,10000,1200
2592,4,1,28000,1200
2593,4,1,28000,1200
2594,1,1,10000,1200
2595,2,1,48000,1200
2596,2,1,48000,1200
2597,1,1,10000,1200
2598,3,1,12000,1200
2599,1,1,10000,1200
2600,3,1,12000,1200
2601,1,1,10000,1200
2602,4,1,28000,1200
2603,4,1,28000,1200
2604,2,1,48000,1200
2605,4,1,28000,1200
2606,3,1,12000,1200
2607,2,1,48000,1200
2608,3,1,12000,1200
2609,1,1,10000,1200
2610,4,1,28000,1200
2611,2,1,48000,1200
2612,4,1,28000,1200
2613,3,1,12000,1200
2614,4,1,28000,1200
2615,3,1,12000,1200
2616,2,1,48000,1200
2617,4,1,28000,1200
2618,1,1,10000,1200
2619,3,1,12000,1200
2620,1,1,10000,1200
2621,4,1,28000,1200
2622,4,1,28000,1200
2623,3,1,12000,1200
2624,4,1,28000,1200
2625,4,1,28000,1200
2626,4,1,28000,1200
2627,2,1,48000,1200
2628,4,1,28000,1200
2629,1,1,10000,1200
2630,3,1,12000,1200
2631,3,1,12000,1200
2632,1,1,10000,1200
2633,3,1,12000,1200
2634,4,1,28000,1200
2635,2,1,48000,1200
2636,4,1,28000,1200
2637,1,1,10000,1200
2638,4,1,28000,1200
2639,2,1,48000,1200
2640,1,1,10000,1200
2641,3,1,12000,1200
2642,2,1,48000,1200
2643,2,1,48000,1200
2644,1,1,10000,1200
2645,2,1,48000,1200
2646,4,1,28000,1200
2647,4,1,28000,1200
2648,1,1,10000,1200
2649,4,1,28000,1200
2650,4,1,28000,1200
2651,3,1,12000,1200
2652,1,1,10000,1200
2653,4,1,28000,1200
2654,4,1,28000,1200
2655,2,1,48000,1200
2656,1,1,10000,1200
2657,4,1,28000,1200
2658,3,1,12000,1200
2659,4,1,28000,1200
2660,4,1,28000,1200
2661,1,1,10000,1200
2662,1,1,10000,1200
2663,4,1,28000,1200
2664,2,1,48000,1200
2665,3,1,12000,1200
2666,2,1,48000,1200
2667,1,1,10000,1200
2668,3,1,12000,1200
2669,1,1,10000,1200
2670,4,1,28000,1200
2671,4,1,28000,1200
2672,2,1,48000,1200
2673,3,1,12000,1200
2674,3,1,12000,1200
2675,1,1,10000,1200
2676,1,1,10000,1200
2677,1,1,10000,1200
2678,2,1,48000,1200
2679,1,1,10000,1200
2680,2,1,48000,1200
2681,4,1,28000,1200
2682,3,1,12000,1200
2683,1,1,10000,1200
2684,1,1,10000,1200
2685,2,1,48000,1200
2686,2,1,48000,1200
2687,4,1,28000,1200
2688,1,1,10000,1200
2689,3,1,12000,1200
2690,3,1,12000,1200
2691,1,1,10000,1200
2692,1,1,10000,1200
2693,2,1,48000,1200
2694,4,1,28000,1200
2695,3,1,12000,1200
2696,3,1,12000,1200
2697,4,1,28000,1200
2698,2,1,48000,1200
2699,2,1,48000,1200
2700,2,1,48000,1200
2701,4,1,28000,1200
2702,4,1,28000,1200
2703,2,1,48000,1200
2704,1,1,10000,1200
2705,1,1,10000,1200
2706,2,1,48000,1200
2707,4,1,28000,1200
2708,2,1,48000,1200
2709,1,1,10000,1200
2710,2,1,48000,1200
2711,1,1,10000,1200
2712,2,1,48000,1200
2713,3,1,12000,1200
2714,3,1,12000,1200
2715,4,1,28000,1200
2716,3,1,12000,1200
2717,3,1,12000,1200
2718,3,1,12000,1200
2719,2,1,48000,1200
2720,4,1,28000,1200
2721,3,1,12000,1200
2722,4,1,28000,1200
2723,1,1,10000,1200
2724,4,1,28000,1200
2725,4,1,28000,1200
2726,1,1,10000,1200
2727,3,1,12000,1200
2728,3,1,12000,1200
2729,2,1,48000,1200
2730,3,1,12000,1200
2731,2,1,48000,1200
2732,1,1,10000,1200
2733,1,1,10000,1200
2734,3,1,12000,1200
2735,2,1,48000,1200
2736,4,1,28000,1200
2737,2,1,48000,1200
2738,2,1,48000,1200
2739,4,1,28000,1200
2740,4,1,28000,1200
2741,1,1,10000,1200
2742,2,1,48000,1200
2743,4,1,28000,1200
2744,4,1,28000,1200
2745,4,1,28000,1200
2746,3,1,12000,1200
2747,3,1,12000,1200
2748,1,1,10000,1200
2749,3,1,12000,1200
2750,2,1,48000,1200
2751,3,1,12000,1200
2752,3,1,12000,1200
2753,2,1,48000,1200
2754,2,1,48000,1200
2755,3,1,12000,1200
2756,1,1,10000,1200
2757,1,1,10000,1200
2758,3,1,12000,1200
2759,2,1,48000,1200
2760,2,1,48000,1200
2761,3,1,12000,1200
2762,1,1,10000,1200
2763,3,1,12000,1200
2764,2,1,48000,1200
2765,2,1,48000,1200
2766,1,1,10000,1200
2767,1,1,10000,1200
2768,3,1,12000,1200
2769,3,1,12000,1200
2770,4,1,28000,1200
2771,4,1,28000,1200
2772,3,1,12000,1200
2773,2,1,48000,1200
2774,1,1,10000,1200
2775,2,1,48000,1200
2776,2,1,48000,1200
2777,4,1,28000,1200
2778,4,1,28000,1200
2779,2,1,48000,1200
2780,4,1,28000,1200
2781,1,1,10000,1200
2782,3,1,12000,1200
2783,3,1,12000,1200
2784,1,1,10000,1200
2785,1,1,10000,1200
2786,2,1,48000,1200
2787,3,1,12000,1200
2788,4,1,28000,1200
2789,2,1,48000,1200
2790,2,1,48000,1200
2791,2,1,48000,1200
2792,1,1,10000,1200
2793,3,1,12000,1200
2794,4,1,28000,1200
2795,2,1,48000,1200
2796,4,1,28000,1200
2797,4,1,28000,1200
2798,3,1,12000,1200
2799,1,1,10000,1200
2800,1,1,10000,1200
2801,4,1,28000,1200
2802,1,1,10000,1200
2803,2,1,48000,1200
2804,4,1,28000,1200
2805,4,1,28000,1200
2806,4,1,28000,1200
2807,2,1,48000,1200
2808,3,1,12000,1200
2809,1,1,10000,1200
2810,3,1,12000,1200
2811,2,1,48000,1200
2812,3,1,12000,1200
2813,3,1,12000,1200
2814,1,1,10000,1200
2815,2,1,48000,1200
2816,3,1,12000,1200
2817,4,1,28000,1200
2818,2,1,48000,1200
2819,2,1,48000,1200
2820,4,1,28000,1200
2821,3,1,12000,1200
2822,2,1,48000,1200
2823,4,1,28000,1200
2824,4,1,28000,1200
2825,4,1,28000,1200
2826,1,1,10000,1200
2827,3,1,12000,1200
2828,1,1,10000,1200
2829,2,1,48000,1200
2830,4,1,28000,1200
2831,3,1,12000,1200
2832,2,1,48000,1200
2833,2,1,48000,1200
2834,2,1,48000,1200
2835,3,1,12000,1200
2836,1,1,10000,1200
2837,3,1,12000,1200
2838,4,1,28000,1200
2839,3,1,12000,1200
2840,1,1,10000,1200
2841,1,1,10000,1200
2842,2,1,48000,1200
2843,3,1,12000,1200
2844,1,1,10000,1200
2845,3,1,12000,1200
2846,2,1,48000,1200
2847,2,1,48000,1200
2848,1,1,10000,1200
2849,3,1,12000,1200
2850,1,1,10000,1200
2851,3,1,12000,1200
2852,4,1,28000,1200
2853,2,1,48000,1200
2854,4,1,28000,1200
2855,1,1,10000,1200
2856,3,1,12000,1200
2857,2,1,48000,1200
2858,4,1,28000,1200
2859,2,1,48000,1200
2860,3,1,12000,1200
2861,4,1,28000,1200
2862,1,1,10000,1200
2863,4,1,28000,1200
2864,3,1,12000,1200
2865,1,1,10000,1200
2866,1,1,10000,1200
2867,4,1,28000,1200
2868,4,1,28000,1200
2869,4,1,28000,1200
2870,3,1,12000,1200
2871,1,1,10000,1200
2872,1,1,10000,1200
2873,3,1,12000,1200
2874,1,1,10000,1200
2875,3,1,12000,1200
2876,2,1,48000,1200
2877,3,1,12000,1200
2878,1,1,10000,1200
2879,2,1,48000,1200
2880,4,1,28000,1200
2881,3,1,12000,1200
2882,1,1,10000,1200
2883,2,1,48000,1200
2884,2,1,48000,1200
2885,1,1,10000,1200
2886,4,1,28000,1200
2887,3,1,12000,1200
2888,1,1,10000,1200
2889,3,1,12000,1200
2890,2,1,48000,1200
2891,2,1,48000,1200
2892,2,1,48000,1200
2893,2,1,48000,1200
2894,4,1,28000,1200
2895,4,1,28000,1200
2896,1,1,10000,1200
2897,4,1,28000,1200
2898,1,1,10000,1200
2899,1,1,10000,1200
2900,3,1,12000,1200
2901,3,1,12000,1200
2902,4,1,28000,1200
2903,2,1,48000,1200
2904,4,1,28000,1200
2905,2,1,48000,1200
2906,1,1,10000,1200
2907,2,1,48000,1200
2908,1,1,10000,1200
2909,1,1,10000,1200
2910,2,1,48000,1200
2911,3,1,12000,1200
2912,3,1,12000,1200
2913,3,1,12000,1200
2914,3,1,12000,1200
2915,1,1,10000,1200
2916,4,1,28000,1200
2917,1,1,10000,1200
2918,2,1,48000,1200
2919,3,1,12000,1200
2920,3,1,12000,1200
2921,3,1,12000,1200
2922,1,1,10000,1200
2923,2,1,48000,1200
2924,3,1,12000,1200
2925,4,1,28000,1200
2926,1,1,10000,1200
2927,3,1,12000,1200
2928,2,1,48000,1200
2929,1,1,10000,1200
2930,4,1,28000,1200
2931,2,1,48000,1200
2932,1,1,10000,1200
2933,2,1,48000,1200
2934,4,1,28000,1200
2935,1,1,10000,1200
2936,2,1,48000,1200
2937,4,1,28000,1200
2938,2,1,48000,1200
2939,3,1,12000,1200
2940,1,1,10000,1200
2941,1,1,10000,1200
2942,2,1,48000,1200
2943,1,1,10000,1200
2944,3,1,12000,1200
2945,2,1,48000,1200
2946,4,1,28000,1200
2947,2,1,48000,1200
2948,2,1,48000,1200
2949,4,1,28000,1200
2950,4,1,28000,1200
2951,3,1,12000,1200
2952,4,1,28000,1200
2953,3,1,12000,1200
2954,4,1,28000,1200
2955,3,1,12000,1200
2956,4,1,28000,1200
2957,2,1,48000,1200
2958,2,1,48000,1200
2959,3,1,12000,1200
2960,2,1,48000,1200
2961,4,1,28000,1200
2962,3,1,12000,1200
2963,3,1,12000,1200
2964,3,1,12000,1200
2965,4,1,28000,1200
2966,1,1,10000,1200
2967,4,1,28000,1200
2968,4,1,28000,1200
2969,1,1,10000,1200
2970,3,1,12000,1200
2971,3,1,12000,1200
2972,2,1,48000,1200
2973,1,1,10000,1200
2974,1,1,10000,1200
2975,1,1,10000,1200
2976,2,1,48000,1200
2977,1,1,10000,1200
2978,3,1,12000,1200
2979,4,1,28000,1200
2980,1,1,10000,1200
2981,2,1,48000,1200
2982,3,1,12000,1200
2983,2,1,48000,1200
2984,2,1,48000,1200
2985,4,1,28000,1200
2986,3,1,12000,1200
2987,1,1,10000,1200
2988,4,1,28000,1200
2989,4,1,28000,1200
2990,2,1,48000,1200
2991,4,1,28000,1200
2992,4,1,28000,1200
2993,4,1,28000,1200
2994,4,1,28000,1200
2995,1,1,10000,1200
2996,2,1,48000,1200
2997,2,1,48000,1200
2998,3,1,12000,1200
2999,3,1,12000,1200
3000,3,1,12000,1200
3001,3,1,12000,1200
3002,2,1,48000,1200
3003,1,1,10000,1200
3004,4,1,28000,1200
3005,2,1,48000,1200
3006,3,1,12000,1200
3007,3,1,12000,1200
3008,1,1,10000,1200
3009,3,1,12000,1200
3010,1,1,10000,1200
3011,3,1,12000,1200
3012,3,1,12000,1200
3013,1,1,10000,1200
3014,3,1,12000,1200
3015,2,1,48000,1200
3016,1,1,10000,1200
3017,1,1,10000,1200
3018,2,1,48000,1200
3019,3,1,12000,1200
3020,2,1,48000,1200
3021,4,1,28000,1200
3022,2,1,48000,1200
3023,4,1,28000,1200
3024,3,1,12000,1200
3025,2,1,48000,1200
3026,4,1,28000,1200
3027,4,1,28000,1200
3028,3,1,12000,1200
3029,3,1,12000,1200
3030,2,1,48000,1200
3031,4,1,28000,1200
3032,1,1,10000,1200
3033,4,1,28000,1200
3034,1,1,10000,1200
3035,3,1,12000,1200
3036,4,1,28000,1200
3037,2,1,48000,1200
3038,4,1,28000,1200
3039,1,1,10000,1200
3040,1,1,10000,1200
3041,3,1,12000,1200
3042,2,1,48000,1200
3043,3,1,12000,1200
3044,1,1,10000,1200
3045,3,1,12000,1200
3046,2,1,48000,1200
3047,3,1,12000,1200
3048,4,1,28000,1200
3049,1,1,10000,1200
3050,2,1,48000,1200
3051,3,1,12000,1200
3052,1,1,10000,1200
3053,1,1,10000,1200
3054,4,1,28000,1200
3055,1,1,10000,1200
3056,1,1,10000,1200
3057,4,1,28000,1200
3058,4,1,28000,1200
3059,2,1,48000,1200
3060,4,1,28000,1200
3061,3,1,12000,1200
3062,4,1,28000,1200
3063,2,1,48000,1200
3064,2,1,48000,1200
3065,4,1,28000,1200
3066,4,1,28000,1200
3067,3,1,12000,1200
3068,3,1,12000,1200
3069,1,1,10000,1200
3070,2,1,48000,1200
3071,2,1,48000,1200
3072,4,1,28000,1200
3073,1,1,10000,1200
3074,2,1,48000,1200
3075,3,1,12000,1200
3076,1,1,10000,1200
3077,1,1,10000,1200
3078,2,1,48000,1200
3079,3,1,12000,1200
3080,2,1,48000,1200
3081,4,1,28000,1200
3082,2,1,48000,1200
3083,2,1,48000,1200
3084,3,1,12000,1200
3085,2,1,48000,1200
3086,4,1,28000,1200
3087,2,1,48000,1200
3088,4,1,28000,1200
3089,3,1,12000,1200
3090,2,1,48000,1200
3091,4,1,28000,1200
3092,4,1,28000,1200
3093,1,1,10000,1200
3094,2,1,48000,1200
3095,4,1,28000,1200
3096,3,1,12000,1200
3097,3,1,12000,1200
3098,2,1,48000,1200
3099,1,1,10000,1200
3100,2,1,48000,1200
3101,1,1,10000,1200
3102,3,1,12000,1200
3103,2,1,48000,1200
3104,1,1,10000,1200
3105,3,1,12000,1200
3106,3,1,12000,1200
3107,4,1,28000,1200
3108,1,1,10000,1200
3109,3,1,12000,1200
3110,2,1,48000,1200
3111,2,1,48000,1200
3112,1,1,10000,1200
3113,1,1,10000,1200
3114,3,1,12000,1200
3115,1,1,10000,1200
3116,3,1,12000,1200
3117,4,1,28000,1200
3118,4,1,28000,1200
3119,2,1,48000,1200
3120,3,1,12000,1200
3121,3,1,12000,1200
3122,3,1,12000,1200
3123,3,1,12000,1200
3124,2,1,48000,1200
3125,2,1,48000,1200
3126,3,1,12000,1200
3127,3,1,12000,1200
3128,3,1,12000,1200
3129,2,1,48000,1200
3130,4,1,28000,1200
3131,3,1,12000,1200
3132,3,1,12000,1200
3133,3,1,12000,1200
3134,3,1,12000,1200
3135,2,1,48000,1200
3136,2,1,48000,1200
3137,3,1,12000,1200
3138,2,1,48000,1200
3139,2,1,48000,1200
3140,4,1,28000,1200
3141,1,1,10000,1200
3142,4,1,28000,1200
3143,3,1,12000,1200
3144,1,1,10000,1200
3145,1,1,10000,1200
3146,2,1,48000,1200
3147,1,1,10000,1200
3148,2,1,48000,1200
3149,3,1,12000,1200
3150,4,1,28000,1200
3151,3,1,12000,1200
3152,4,1,28000,1200
3153,1,1,10000,1200
3154,2,1,48000,1200
3155,2,1,48000,1200
3156,4,1,28000,1200
3157,2,1,48000,1200
3158,1,1,10000,1200
3159,3,1,12000,1200
3160,1,1,10000,1200
3161,2,1,48000,1200
3162,1,1,10000,1200
3163,1,1,10000,1200
3164,4,1,28000,1200
3165,3,1,12000,1200
3166,4,1,28000,1200
3167,2,1,48000,1200
3168,3,1,12000,1200
3169,2,1,48000,1200
3170,3,1,12000,1200
3171,2,1,48000,1200
3172,3,1,12000,1200
3173,2,1,48000,1200
3174,4,1,28000,1200
3175,1,1,10000,1200
3176,1,1,10000,1200
3177,1,1,10000,1200
3178,3,1,12000,1200
3179,4,1,28000,1200
3180,2,1,48000,1200
3181,4,1,28000,1200
3182,2,1,48000,1200
3183,1,1,10000,1200
3184,2,1,48000,1200
3185,3,1,12000,1200
3186,2,1,48000,1200
3187,4,1,28000,1200
3188,2,1,48000,1200
3189,3,1,12000,1200
3190,3,1,12000,1200
3191,3,1,12000,1200
3192,4,1,28000,1200
3193,4,1,28000,1200
3194,1,1,10000,1200
3195,3,1,12000,1200
3196,3,1,12000,1200
3197,4,1,28000,1200
3198,4,1,28000,1200
3199,2,1,48000,1200
3200,2,1,48000,1200
3201,2,1,48000,1500
3202,4,1,28000,1500
3203,4,1,28000,1500
3204,2,1,48000,1500
3205,4,1,28000,1500
3206,4,1,28000,1500
3207,3,1,12000,1500
3208,4,1,28000,1500
3209,3,1,12000,1500
3210,1,1,10000,1500
3211,4,1,28000,1500
3212,2,1,48000,1500
3213,2,1,48000,1500
3214,3,1,12000,1500
3215,3,1,12000,1500
3216,4,1,28000,1500
3217,3,1,12000,1500
3218,3,1,12000,1500
3219,1,1,10000,1500
3220,2,1,48000,1500
3221,2,1,48000,1500
3222,3,1,12000,1500
3223,4,1,28000,1500
3224,1,1,10000,1500
3225,1,1,10000,1500
3226,1,1,10000,1500
3227,4,1,28000,1500
3228,1,1,10000,1500
3229,1,1,10000,1500
3230,1,1,10000,1500
3231,1,1,10000,1500
3232,3,1,12000,1500
3233,2,1,48000,1500
3234,4,1,28000,1500
3235,2,1,48000,1500
3236,3,1,12000,1500
3237,2,1,48000,1500
3238,1,1,10000,1500
3239,1,1,10000,1500
3240,3,1,12000,1500
3241,1,1,10000,1500
3242,2,1,48000,1500
3243,1,1,10000,1500
3244,3,1,12000,1500
3245,1,1,10000,1500
3246,1,1,10000,1500
3247,4,1,28000,1500
3248,3,1,12000,1500
3249,3,1,12000,1500
3250,1,1,10000,1500
3251,1,1,10000,1500
3252,1,1,10000,1500
3253,1,1,10000,1500
3254,2,1,48000,1500
3255,4,1,28000,1500
3256,2,1,48000,1500
3257,2,1,48000,1500
3258,4,1,28000,1500
3259,1,1,10000,1500
3260,4,1,28000,1500
3261,4,1,28000,1500
3262,2,1,48000,1500
3263,3,1,12000,1500
3264,3,1,12000,1500
3265,4,1,28000,1500
3266,3,1,12000,1500
3267,4,1,28000,1500
3268,2,1,48000,1500
3269,1,1,10000,1500
3270,2,1,48000,1500
3271,3,1,12000,1500
3272,1,1,10000,1500
3273,1,1,10000,1500
3274,1,1,10000,1500
3275,1,1,10000,1500
3276,1,1,10000,1500
3277,2,1,48000,1500
3278,4,1,28000,1500
3279,3,1,12000,1500
3280,1,1,10000,1500
3281,2,1,48000,1500
3282,1,1,10000,1500
3283,2,1,48000,1500
3284,2,1,48000,1500
3285,3,1,12000,1500
3286,4,1,28000,1500
3287,3,1,12000,1500
3288,3,1,12000,1500
3289,1,1,10000,1500
3290,4,1,28000,1500
3291,2,1,48000,1500
3292,1,1,10000,1500
3293,3,1,12000,1500
3294,4,1,28000,1500
3295,1,1,10000,1500
3296,4,1,28000,1500
3297,1,1,10000,1500
3298,3,1,12000,1500
3299,3,1,12000,1500
3300,3,1,12000,1500
3301,3,1,12000,1500
3302,1,1,10000,1500
3303,2,1,48000,1500
3304,3,1,12000,1500
3305,3,1,12000,1500
3306,2,1,48000,1500
3307,2,1,48000,1500
3308,4,1,28000,1500
3309,4,1,28000,1500
3310,1,1,10000,1500
3311,1,1,10000,1500
3312,1,1,10000,1500
3313,2,1,48000,1500
3314,1,1,10000,1500
3315,3,1,12000,1500
3316,2,1,48000,1500
3317,4,1,28000,1500
3318,3,1,12000,1500
3319,3,1,12000,1500
3320,3,1,12000,1500
3321,3,1,12000,1500
3322,2,1,48000,1500
3323,3,1,12000,1500
3324,1,1,10000,1500
3325,3,1,12000,1500
3326,1,1,10000,1500
3327,1,1,10000,1500
3328,4,1,28000,1500
3329,2,1,48000,1500
3330,4,1,28000,1500
3331,3,1,12000,1500
3332,1,1,10000,1500
3333,4,1,28000,1500
3334,2,1,48000,1500
3335,4,1,28000,1500
3336,1,1,10000,1500
3337,3,1,12000,1500
3338,3,1,12000,1500
3339,2,1,48000,1500
3340,4,1,28000,1500
3341,1,1,10000,1500
3342,2,1,48000,1500
3343,1,1,10000,1500
3344,4,1,28000,1500
3345,3,1,12000,1500
3346,3,1,12000,1500
3347,3,1,12000,1500
3348,2,1,48000,1500
3349,2,1,48000,1500
3350,1,1,10000,1500
3351,4,1,28000,1500
3352,4,1,28000,1500
3353,2,1,48000,1500
3354,1,1,10000,1500
3355,1,1,10000,1500
3356,2,1,48000,1500
3357,1,1,10000,1500
3358,4,1,28000,1500
3359,3,1,12000,1500
3360,2,1,48000,1500
3361,1,1,10000,1500
3362,3,1,12000,1500
3363,2,1,48000,1500
3364,1,1,10000,1500
3365,4,1,28000,1500
3366,4,1,28000,1500
3367,4,1,28000,1500
3368,4,1,28000,1500
3369,4,1,28000,1500
3370,4,1,28000,1500
3371,3,1,12000,1500
3372,4,1,28000,1500
3373,1,1,10000,1500
3374,2,1,48000,1500
3375,1,1,10000,1500
3376,3,1,12000,1500
3377,3,1,12000,1500
3378,1,1,10000,1500
3379,4,1,28000,1500
3380,4,1,28000,1500
3381,1,1,10000,1500
3382,3,1,12000,1500
3383,4,1,28000,1500
3384,3,1,12000,1500
3385,2,1,48000,1500
3386,1,1,10000,1500
3387,3,1,12000,1500
3388,4,1,28000,1500
3389,4,1,28000,1500
3390,2,1,48000,1500
3391,4,1,28000,1500
3392,2,1,48000,1500
3393,4,1,28000,1500
3394,1,1,10000,1500
3395,4,1,28000,1500
3396,3,1,12000,1500
3397,3,1,12000,1500
3398,3,1,12000,1500
3399,4,1,28000,1500
3400,1,1,10000,1500
3401,1,1,10000,1500
3402,3,1,12000,1500
3403,3,1,12000,1500
3404,2,1,48000,1500
3405,1,1,10000,1500
3406,2,1,48000,1500
3407,1,1,10000,1500
3408,4,1,28000,1500
3409,3,1,12000,1500
3410,2,1,48000,1500
3411,4,1,28000,1500
3412,4,1,28000,1500
3413,2,1,48000,1500
3414,3,1,12000,1500
3415,2,1,48000,1500
3416,2,1,48000,1500
3417,2,1,48000,1500
3418,3,1,12000,1500
3419,1,1,10000,1500
3420,1,1,10000,1500
3421,3,1,12000,1500
3422,1,1,10000,1500
3423,2,1,48000,1500
3424,1,1,10000,1500
3425,1,1,10000,1500
3426,4,1,28000,1500
3427,2,1,48000,1500
3428,4,1,28000,1500
3429,1,1,10000,1500
3430,4,1,28000,1500
3431,4,1,28000,1500
3432,2,1,48000,1500
3433,1,1,10000,1500
3434,3,1,12000,1500
3435,3,1,12000,1500
3436,3,1,12000,1500
3437,2,1,48000,1500
3438,2,1,48000,1500
3439,4,1,28000,1500
3440,1,1,10000,1500
3441,4,1,28000,1500
3442,2,1,48000,1500
3443,1,1,10000,1500
3444,1,1,10000,1500
3445,3,1,12000,1500
3446,3,1,12000,1500
3447,1,1,10000,1500
3448,1,1,10000,1500
3449,2,1,48000,1500
3450,1,1,10000,1500
3451,3,1,12000,1500
3452,4,1,28000,1500
3453,1,1,10000,1500
3454,3,1,12000,1500
3455,3,1,12000,1500
3456,4,1,28000,1500
3457,3,1,12000,1500
3458,2,1,48000,1500
3459,4,1,28000,1500
3460,4,1,28000,1500
3461,4,1,28000,1500
3462,4,1,28000,1500
3463,3,1,12000,1500
3464,1,1,10000,1500
3465,1,1,10000,1500
3466,4,1,28000,1500
3467,3,1,12000,1500
3468,4,1,28000,1500
3469,4,1,28000,1500
3470,1,1,10000,1500
3471,2,1,48000,1500
3472,4,1,28000,1500
3473,3,1,12000,1500
3474,1,1,10000,1500
3475,1,1,10000,1500
3476,3,1,12000,1500
3477,4,1,28000,1500
3478,4,1,28000,1500
3479,3,1,12000,1500
3480,4,1,28000,1500
3481,2,1,48000,1500
3482,1,1,10000,1500
3483,2,1,48000,1500
3484,1,1,10000,1500
3485,2,1,48000,1500
3486,4,1,28000,1500
3487,4,1,28000,1500
3488,1,1,10000,1500
3489,4,1,28000,1500
3490,3,1,12000,1500
3491,2,1,48000,1500
3492,1,1,10000,1500
3493,4,1,28000,1500
3494,4,1,28000,1500
3495,3,1,12000,1500
3496,1,1,10000,1500
3497,1,1,10000,1500
3498,2,1,48000,1500
3499,3,1,12000,1500
3500,1,1,10000,1500
3501,1,1,10000,1500
3502,2,1,48000,1500
3503,4,1,28000,1500
3504,2,1,48000,1500
3505,3,1,12000,1500
3506,4,1,28000,1500
3507,1,1,10000,1500
3508,1,1,10000,1500
3509,2,1,48000,1500
3510,3,1,12000,1500
3511,4,1,28000,1500
3512,4,1,28000,1500
3513,3,1,12000,1500
3514,4,1,28000,1500
3515,1,1,10000,1500
3516,3,1,12000,1500
3517,4,1,28000,1500
3518,1,1,10000,1500
3519,2,1,48000,1500
3520,2,1,48000,1500
3521,1,1,10000,1500
3522,2,1,48000,1500
3523,3,1,12000,1500
3524,3,1,12000,1500
3525,1,1,10000,1500
3526,3,1,12000,1500
3527,4,1,28000,1500
3528,2,1,48000,1500
3529,3,1,12000,1500
3530,1,1,10000,1500
3531,1,1,10000,1500
3532,3,1,12000,1500
3533,4,1,28000,1500
3534,1,1,10000,1500
3535,2,1,48000,1500
3536,1,1,10000,1500
3537,4,1,28000,1500
3538,2,1,48000,1500
3539,2,1,48000,1500
3540,2,1,48000,1500
3541,1,1,10000,1500
3542,2,1,48000,1500
3543,1,1,10000,1500
3544,4,1,28000,1500
3545,2,1,48000,1500
3546,3,1,12000,1500
3547,2,1,48000,1500
3548,3,1,12000,1500
3549,4,1,28000,1500
3550,2,1,48000,1500
3551,2,1,48000,1500
3552,3,1,12000,1500
3553,3,1,12000,1500
3554,3,1,12000,1500
3555,1,1,10000,1500
3556,3,1,12000,1500
3557,3,1,12000,1500
3558,2,1,48000,1500
3559,2,1,48000,1500
3560,3,1,12000,1500
3561,4,1,28000,1500
3562,2,1,48000,1500
3563,2,1,48000,1500
3564,2,1,48000,1500
3565,4,1,28000,1500
3566,3,1,12000,1500
3567,4,1,28000,1500
3568,4,1,28000,1500
3569,2,1,48000,1500
3570,4,1,28000,1500
3571,3,1,12000,1500
3572,1,1,10000,1500
3573,3,1,12000,1500
3574,1,1,10000,1500
3575,2,1,48000,1500
3576,4,1,28000,1500
3577,1,1,10000,1500
3578,2,1,48000,1500
3579,4,1,28000,1500
3580,1,1,10000,1500
3581,3,1,12000,1500
3582,1,1,10000,1500
3583,3,1,12000,1500
3584,3,1,12000,1500
3585,4,1,28000,1500
3586,4,1,28000,1500
3587,2,1,48000,1500
3588,2,1,48000,1500
3589,2,1,48000,1500
3590,2,1,48000,1500
3591,3,1,12000,1500
3592,1,1,10000,1500
3593,4,1,28000,1500
3594,2,1,48000,1500
3595,4,1,28000,1500
3596,3,1,12000,1500
3597,2,1,48000,1500
3598,2,1,48000,1500
3599,3,1,12000,1500
3600,4,1,28000,1500
3601,1,1,10000,1500
3602,4,1,28000,1500
3603,4,1,28000,1500
3604,1,1,10000,1500
3605,2,1,48000,1500
3606,2,1,48000,1500
3607,3,1,12000,1500
3608,3,1,12000,1500
3609,2,1,48000,1500
3610,1,1,10000,1500
3611,1,1,10000,1500
3612,3,1,12000,1500
3613,3,1,12000,1500
3614,4,1,28000,1500
3615,1,1,10000,1500
3616,3,1,12000,1500
3617,3,1,12000,1500
3618,4,1,28000,1500
3619,1,1,10000,1500
3620,1,1,10000,1500
3621,1,1,10000,1500
3622,2,1,48000,1500
3623,4,1,28000,1500
3624,3,1,12000,1500
3625,3,1,12000,1500
3626,1,1,10000,1500
3627,2,1,48000,1500
3628,2,1,48000,1500
3629,4,1,28000,1500
3630,1,1,10000,1500
3631,4,1,28000,1500
3632,2,1,48000,1500
3633,3,1,12000,1500
3634,3,1,12000,1500
3635,2,1,48000,1500
3636,3,1,12000,1500
3637,4,1,28000,1500
3638,4,1,28000,1500
3639,1,1,10000,1500
3640,2,1,48000,1500
3641,3,1,12000,1500
3642,3,1,12000,1500
3643,1,1,10000,1500
3644,2,1,48000,1500
3645,2,1,48000,1500
3646,2,1,48000,1500
3647,3,1,12000,1500
3648,4,1,28000,1500
3649,2,1,48000,1500
3650,3,1,12000,1500
3651,1,1,10000,1500
3652,4,1,28000,1500
3653,4,1,28000,1500
3654,3,1,12000,1500
3655,1,1,10000,1500
3656,3,1,12000,1500
3657,2,1,48000,1500
3658,3,1,12000,1500
3659,4,1,28000,1500
3660,2,1,48000,1500
3661,3,1,12000,1500
3662,4,1,28000,1500
3663,3,1,12000,1500
3664,2,1,48000,1500
3665,3,1,12000,1500
3666,2,1,48000,1500
3667,4,1,28000,1500
3668,1,1,10000,1500
3669,3,1,12000,1500
3670,1,1,10000,1500
3671,2,1,48000,1500
3672,4,1,28000,1500
3673,2,1,48000,1500
3674,1,1,10000,1500
3675,1,1,10000,1500
3676,2,1,48000,1500
3677,1,1,10000,1500
3678,4,1,28000,1500
3679,3,1,12000,1500
3680,1,1,10000,1500
3681,2,1,48000,1500
3682,1,1,10000,1500
3683,1,1,10000,1500
3684,3,1,12000,1500
3685,2,1,48000,1500
3686,1,1,10000,1500
3687,1,1,10000,1500
3688,3,1,12000,1500
3689,2,1,48000,1500
3690,1,1,10000,1500
3691,4,1,28000,1500
3692,3,1,12000,1500
3693,3,1,12000,1500
3694,4,1,28000,1500
3695,2,1,48000,1500
3696,1,1,10000,1500
3697,1,1,10000,1500
3698,2,1,48000,1500
3699,3,1,12000,1500
3700,2,1,48000,1500
3701,4,1,28000,1500
3702,4,1,28000,1500
3703,1,1,10000,1500
3704,1,1,10000,1500
3705,4,1,28000,1500
3706,3,1,12000,1500
3707,3,1,12000,1500
3708,2,1,48000,1500
3709,4,1,28000,1500
3710,4,1,28000,1500
3711,1,1,10000,1500
3712,1,1,10000,1500
3713,1,1,10000,1500
3714,4,1,28000,1500
3715,1,1,10000,1500
3716,1,1,10000,1500
3717,4,1,28000,1500
3718,4,1,28000,1500
3719,1,1,10000,1500
3720,2,1,48000,1500
3721,2,1,48000,1500
3722,1,1,10000,1500
3723,1,1,10000,1500
3724,2,1,48000,1500
3725,3,1,12000,1500
3726,1,1,10000,1500
3727,1,1,10000,1500
3728,4,1,28000,1500
3729,2,1,48000,1500
3730,1,1,10000,1500
3731,1,1,10000,1500
3732,3,1,12000,1500
3733,4,1,28000,1500
3734,1,1,10000,1500
3735,4,1,28000,1500
3736,1,1,10000,1500
3737,1,1,10000,1500
3738,4,1,28000,1500
3739,3,1,12000,1500
3740,1,1,10000,1500
3741,3,1,12000,1500
3742,3,1,12000,1500
3743,2,1,48000,1500
3744,4,1,28000,1500
3745,2,1,48000,1500
3746,2,1,48000,1500
3747,4,1,28000,1500
3748,2,1,48000,1500
3749,2,1,48000,1500
3750,2,1,48000,1500
3751,4,1,28000,1500
3752,3,1,12000,1500
3753,1,1,10000,1500
3754,1,1,10000,1500
3755,3,1,12000,1500
3756,3,1,12000,1500
3757,4,1,28000,1500
3758,3,1,12000,1500
3759,1,1,10000,1500
3760,2,1,48000,1500
3761,1,1,10000,1500
3762,2,1,48000,1500
3763,1,1,10000,1500
3764,2,1,48000,1500
3765,1,1,10000,1500
3766,4,1,28000,1500
3767,4,1,28000,1500
3768,3,1,12000,1500
3769,2,1,48000,1500
3770,2,1,48000,1500
3771,3,1,12000,1500
3772,1,1,10000,1500
3773,4,1,28000,1500
3774,2,1,48000,1500
3775,1,1,10000,1500
3776,1,1,10000,1500
3777,2,1,48000,1500
3778,2,1,48000,1500
3779,1,1,10000,1500
3780,1,1,10000,1500
3781,1,1,10000,1500
3782,4,1,28000,1500
3783,4,1,28000,1500
3784,4,1,28000,1500
3785,3,1,12000,1500
3786,2,1,48000,1500
3787,1,1,10000,1500
3788,2,1,48000,1500
3789,3,1,12000,1500
3790,3,1,12000,1500
3791,3,1,12000,1500
3792,2,1,48000,1500
3793,4,1,28000,1500
3794,3,1,12000,1500
3795,3,1,12000,1500
3796,1,1,10000,1500
3797,2,1,48000,1500
3798,2,1,48000,1500
3799,2,1,48000,1500
3800,3,1,12000,1500
3801,3,1,12000,1500
3802,2,1,48000,1500
3803,4,1,28000,1500
3804,4,1,28000,1500
3805,4,1,28000,1500
3806,1,1,10000,1500
3807,4,1,28000,1500
3808,1,1,10000,1500
3809,1,1,10000,1500
3810,2,1,48000,1500
3811,3,1,12000,1500
3812,1,1,10000,1500
3813,3,1,12000,1500
3814,3,1,12000,1500
3815,3,1,12000,1500
3816,4,1,28000,1500
3817,2,1,48000,1500
3818,3,1,12000,1500
3819,3,1,12000,1500
3820,1,1,10000,1500
3821,3,1,12000,1500
3822,2,1,48000,1500
3823,4,1,28000,1500
3824,2,1,48000,1500
3825,4,1,28000,1500
3826,2,1,48000,1500
3827,1,1,10000,1500
3828,3,1,12000,1500
3829,4,1,28000,1500
3830,2,1,48000,1500
3831,1,1,10000,1500
3832,4,1,28000,1500
3833,3,1,12000,1500
3834,3,1,12000,1500
3835,3,1,12000,1500
3836,3,1,12000,1500
3837,1,1,10000,1500
3838,2,1,48000,1500
3839,3,1,12000,1500
3840,4,1,28000,1500
3841,3,1,12000,1500
3842,2,1,48000,1500
3843,2,1,48000,1500
3844,1,1,10000,1500
3845,2,1,48000,1500
3846,3,1,12000,1500
3847,3,1,12000,1500
3848,1,1,10000,1500
3849,1,1,10000,1500
3850,4,1,28000,1500
3851,1,1,10000,1500
3852,4,1,28000,1500
3853,1,1,10000,1500
3854,3,1,12000,1500
3855,1,1,10000,1500
3856,4,1,28000,1500
3857,3,1,12000,1500
3858,3,1,12000,1500
3859,4,1,28000,1500
3860,4,1,28000,1500
3861,4,1,28000,1500
3862,4,1,28000,1500
3863,4,1,28000,1500
3864,1,1,10000,1500
3865,4,1,28000,1500
3866,4,1,28000,1500
3867,4,1,28000,1500
3868,3,1,12000,1500
3869,2,1,48000,1500
3870,2,1,48000,1500
3871,3,1,12000,1500
3872,3,1,12000,1500
3873,3,1,12000,1500
3874,4,1,28000,1500
3875,4,1,28000,1500
3876,3,1,12000,1500
3877,4,1,28000,1500
3878,3,1,12000,1500
3879,4,1,28000,1500
3880,4,1,28000,1500
3881,1,1,10000,1500
3882,2,1,48000,1500
3883,3,1,12000,1500
3884,1,1,10000,1500
3885,1,1,10000,1500
3886,3,1,12000,1500
3887,4,1,28000,1500
3888,3,1,12000,1500
3889,4,1,28000,1500
3890,4,1,28000,1500
3891,2,1,48000,1500
3892,3,1,12000,1500
3893,4,1,28000,1500
3894,3,1,12000,1500
3895,2,1,48000,1500
3896,1,1,10000,1500
3897,2,1,48000,1500
3898,3,1,12000,1500
3899,1,1,10000,1500
3900,2,1,48000,1500
3901,3,1,12000,1500
3902,2,1,48000,1500
3903,1,1,10000,1500
3904,1,1,10000,1500
3905,1,1,10000,1500
3906,4,1,28000,1500
3907,2,1,48000,1500
3908,2,1,48000,1500
3909,4,1,28000,1500
3910,1,1,10000,1500
3911,4,1,28000,1500
3912,1,1,10000,1500
3913,4,1,28000,1500
3914,2,1,48000,1500
3915,3,1,12000,1500
3916,3,1,12000,1500
3917,2,1,48000,1500
3918,2,1,48000,1500
3919,3,1,12000,1500
3920,2,1,48000,1500
3921,1,1,10000,1500
3922,2,1,48000,1500
3923,1,1,10000,1500
3924,3,1,12000,1500
3925,2,1,48000,1500
3926,2,1,48000,1500
3927,1,1,10000,1500
3928,1,1,10000,1500
3929,3,1,12000,1500
3930,4,1,28000,1500
3931,2,1,48000,1500
3932,4,1,28000,1500
3933,2,1,48000,1500
3934,4,1,28000,1500
3935,4,1,28000,1500
3936,4,1,28000,1500
3937,2,1,48000,1500
3938,1,1,10000,1500
3939,2,1,48000,1500
3940,4,1,28000,1500
3941,1,1,10000,1500
3942,4,1,28000,1500
3943,1,1,10000,1500
3944,3,1,12000,1500
3945,3,1,12000,1500
3946,2,1,48000,1500
3947,2,1,48000,1500
3948,1,1,10000,1500
3949,2,1,48000,1500
3950,3,1,12000,1500
3951,2,1,48000,1500
3952,3,1,12000,1500
3953,4,1,28000,1500
3954,4,1,28000,1500
3955,2,1,48000,1500
3956,3,1,12000,1500
3957,2,1,48000,1500
3958,2,1,48000,1500
3959,1,1,10000,1500
3960,4,1,28000,1500
3961,1,1,10000,1500
3962,1,1,10000,1500
3963,1,1,10000,1500
3964,2,1,48000,1500
3965,1,1,10000,1500
3966,2,1,48000,1500
3967,4,1,28000,1500
3968,2,1,48000,1500
3969,3,1,12000,1500
3970,3,1,12000,1500
3971,3,1,12000,1500
3972,1,1,10000,1500
3973,1,1,10000,1500
3974,3,1,12000,1500
3975,2,1,48000,1500
3976,2,1,48000,1500
3977,3,1,12000,1500
3978,2,1,48000,1500
3979,2,1,48000,1500
3980,4,1,28000,1500
3981,3,1,12000,1500
3982,1,1,10000,1500
3983,3,1,12000,1500
3984,3,1,12000,1500
3985,2,1,48000,1500
3986,4,1,28000,1500
3987,4,1,28000,1500
3988,2,1,48000,1500
3989,1,1,10000,1500
3990,3,1,12000,1500
3991,1,1,10000,1500
3992,2,1,48000,1500
3993,1,1,10000,1500
3994,2,1,48000,1500
3995,4,1,28000,1500
3996,1,1,10000,1500
3997,4,1,28000,1500
3998,2,1,48000,1500
3999,3,1,12000,1500
4000,1,1,10000,1500
4001,1,1,10000,1800
4002,4,1,28000,1800
4003,4,1,28000,1800
4004,4,1,28000,1800
4005,2,1,48000,1800
4006,4,1,28000,1800
4007,2,1,48000,1800
4008,4,1,28000,1800
4009,3,1,12000,1800
4010,3,1,12000,1800
4011,3,1,12000,1800
4012,2,1,48000,1800
4013,3,1,12000,1800
4014,4,1,28000,1800
4015,4,1,28000,1800
4016,4,1,28000,1800
4017,2,1,48000,1800
4018,1,1,10000,1800
4019,4,1,28000,1800
4020,4,1,28000,1800
4021,4,1,28000,1800
4022,4,1,28000,1800
4023,1,1,10000,1800
4024,2,1,48000,1800
4025,2,1,48000,1800
4026,1,1,10000,1800
4027,2,1,48000,1800
4028,2,1,48000,1800
4029,4,1,28000,1800
4030,4,1,28000,1800
4031,2,1,48000,1800
4032,1,1,10000,1800
4033,2,1,48000,1800
4034,4,1,28000,1800
4035,1,1,10000,1800
4036,4,1,28000,1800
4037,3,1,12000,1800
4038,3,1,12000,1800
4039,1,1,10000,1800
4040,2,1,48000,1800
4041,4,1,28000,1800
4042,4,1,28000,1800
4043,2,1,48000,1800
4044,4,1,28000,1800
4045,3,1,12000,1800
4046,4,1,28000,1800
4047,1,1,10000,1800
4048,4,1,28000,1800
4049,3,1,12000,1800
4050,1,1,10000,1800
4051,3,1,12000,1800
4052,1,1,10000,1800
4053,3,1,12000,1800
4054,2,1,48000,1800
4055,3,1,12000,1800
4056,2,1,48000,1800
4057,3,1,12000,1800
4058,2,1,48000,1800
4059,4,1,28000,1800
4060,2,1,48000,1800
4061,4,1,28000,1800
4062,3,1,12000,1800
4063,1,1,10000,1800
4064,1,1,10000,1800
4065,4,1,28000,1800
4066,1,1,10000,1800
4067,2,1,48000,1800
4068,1,1,10000,1800
4069,2,1,48000,1800
4070,2,1,48000,1800
4071,2,1,48000,1800
4072,1,1,10000,1800
4073,3,1,12000,1800
4074,1,1,10000,1800
4075,2,1,48000,1800
4076,2,1,48000,1800
4077,4,1,28000,1800
4078,4,1,28000,1800
4079,3,1,12000,1800
4080,2,1,48000,1800
4081,2,1,48000,1800
4082,3,1,12000,1800
4083,2,1,48000,1800
4084,3,1,12000,1800
4085,2,1,48000,1800
4086,3,1,12000,1800
4087,1,1,10000,1800
4088,1,1,10000,1800
4089,4,1,28000,1800
4090,2,1,48000,1800
4091,3,1,12000,1800
4092,2,1,48000,1800
4093,2,1,48000,1800
4094,2,1,48000,1800
4095,4,1,28000,1800
4096,2,1,48000,1800
4097,1,1,10000,1800
4098,2,1,48000,1800
4099,1,1,10000,1800
4100,3,1,12000,1800
4101,4,1,28000,1800
4102,2,1,48000,1800
4103,4,1,28000,1800
4104,2,1,48000,1800
4105,3,1,12000,1800
4106,2,1,48000,1800
4107,3,1,12000,1800
4108,1,1,10000,1800
4109,4,1,28000,1800
4110,3,1,12000,1800
4111,1,1,10000,1800
4112,2,1,48000,1800
4113,4,1,28000,1800
4114,4,1,28000,1800
4115,1,1,10000,1800
4116,4,1,28000,1800
4117,2,1,48000,1800
4118,3,1,12000,1800
4119,1,1,10000,1800
4120,4,1,28000,1800
4121,4,1,28000,1800
4122,1,1,10000,1800
4123,2,1,48000,1800
4124,4,1,28000,1800
4125,1,1,10000,1800
4126,2,1,48000,1800
4127,4,1,28000,1800
4128,2,1,48000,1800
4129,4,1,28000,1800
4130,4,1,28000,1800
4131,3,1,12000,1800
4132,3,1,12000,1800
4133,3,1,12000,1800
4134,2,1,48000,1800
4135,1,1,10000,1800
4136,4,1,28000,1800
4137,1,1,10000,1800
4138,1,1,10000,1800
4139,3,1,12000,1800
4140,1,1,10000,1800
4141,4,1,28000,1800
4142,1,1,10000,1800
4143,4,1,28000,1800
4144,3,1,12000,1800
4145,1,1,10000,1800
4146,1,1,10000,1800
4147,4,1,28000,1800
4148,4,1,28000,1800
4149,4,1,28000,1800
4150,1,1,10000,1800
4151,3,1,12000,1800
4152,2,1,48000,1800
4153,4,1,28000,1800
4154,3,1,12000,1800
4155,2,1,48000,1800
4156,4,1,28000,1800
4157,4,1,28000,1800
4158,4,1,28000,1800
4159,1,1,10000,1800
4160,4,1,28000,1800
4161,3,1,12000,1800
4162,1,1,10000,1800
4163,1,1,10000,1800
4164,2,1,48000,1800
4165,1,1,10000,1800
4166,1,1,10000,1800
4167,2,1,48000,1800
4168,3,1,12000,1800
4169,3,1,12000,1800
4170,2,1,48000,1800
4171,4,1,28000,1800
4172,2,1,48000,1800
4173,2,1,48000,1800
4174,4,1,28000,1800
4175,3,1,12000,1800
4176,1,1,10000,1800
4177,2,1,48000,1800
4178,1,1,10000,1800
4179,2,1,48000,1800
4180,2,1,48000,1800
4181,4,1,28000,1800
4182,2,1,48000,1800
4183,4,1,28000,1800
4184,3,1,12000,1800
4185,3,1,12000,1800
4186,2,1,48000,1800
4187,2,1,48000,1800
4188,2,1,48000,1800
4189,1,1,10000,1800
4190,3,1,12000,1800
4191,4,1,28000,1800
4192,3,1,12000,1800
4193,1,1,10000,1800
4194,3,1,12000,1800
4195,2,1,48000,1800
4196,2,1,48000,1800
4197,4,1,28000,1800
4198,3,1,12000,1800
4199,4,1,28000,1800
4200,1,1,10000,1800
4201,1,1,10000,1800
4202,1,1,10000,1800
4203,3,1,12000,1800
4204,2,1,48000,1800
4205,1,1,10000,1800
4206,1,1,10000,1800
4207,4,1,28000,1800
4208,1,1,10000,1800
4209,1,1,10000,1800
4210,2,1,48000,1800
4211,2,1,48000,1800
4212,1,1,10000,1800
4213,2,1,48000,1800
4214,3,1,12000,1800
4215,2,1,48000,1800
4216,2,1,48000,1800
4217,3,1,12000,1800
4218,2,1,48000,1800
4219,2,1,48000,1800
4220,4,1,28000,1800
4221,2,1,48000,1800
4222,2,1,48000,1800
4223,1,1,10000,1800
4224,1,1,10000,1800
4225,1,1,10000,1800
4226,1,1,10000,1800
4227,3,1,12000,1800
4228,4,1,28000,1800
4229,3,1,12000,1800
4230,1,1,10000,1800
4231,1,1,10000,1800
4232,4,1,28000,1800
4233,3,1,12000,1800
4234,3,1,12000,1800
4235,2,1,48000,1800
4236,2,1,48000,1800
4237,3,1,12000,1800
4238,3,1,12000,1800
4239,4,1,28000,1800
4240,3,1,12000,1800
4241,4,1,28000,1800
4242,1,1,10000,1800
4243,4,1,28000,1800
4244,3,1,12000,1800
4245,4,1,28000,1800
4246,3,1,12000,1800
4247,4,1,28000,1800
4248,1,1,10000,1800
4249,4,1,28000,1800
4250,1,1,10000,1800
4251,3,1,12000,1800
4252,3,1,12000,1800
4253,4,1,28000,1800
4254,3,1,12000,1800
4255,4,1,28000,1800
4256,1,1,10000,1800
4257,3,1,12000,1800
4258,4,1,28000,1800
4259,2,1,48000,1800
4260,2,1,48000,1800
4261,1,1,10000,1800
4262,4,1,28000,1800
4263,4,1,28000,1800
4264,3,1,12000,1800
4265,4,1,28000,1800
4266,3,1,12000,1800
4267,3,1,12000,1800
4268,3,1,12000,1800
4269,1,1,10000,1800
4270,3,1,12000,1800
4271,3,1,12000,1800
4272,2,1,48000,1800
4273,2,1,48000,1800
4274,4,1,28000,1800
4275,1,1,10000,1800
4276,4,1,28000,1800
4277,4,1,28000,1800
4278,1,1,10000,1800
4279,2,1,48000,1800
4280,2,1,48000,1800
4281,1,1,10000,1800
4282,1,1,10000,1800
4283,2,1,48000,1800
4284,4,1,28000,1800
4285,3,1,12000,1800
4286,1,1,10000,1800
4287,2,1,48000,1800
4288,3,1,12000,1800
4289,2,1,48000,1800
4290,1,1,10000,1800
4291,1,1,10000,1800
4292,3,1,12000,1800
4293,4,1,28000,1800
4294,2,1,48000,1800
4295,1,1,10000,1800
4296,2,1,48000,1800
4297,4,1,28000,1800
4298,4,1,28000,1800
4299,1,1,10000,1800
4300,1,1,10000,1800
4301,1,1,10000,1800
4302,3,1,12000,1800
4303,4,1,28000,1800
4304,4,1,28000,1800
4305,2,1,48000,1800
4306,4,1,28000,1800
4307,4,1,28000,1800
4308,2,1,48000,1800
4309,1,1,10000,1800
4310,4,1,28000,1800
4311,1,1,10000,1800
4312,2,1,48000,1800
4313,2,1,48000,1800
4314,2,1,48000,1800
4315,4,1,28000,1800
4316,2,1,48000,1800
4317,2,1,48000,1800
4318,2,1,48000,1800
4319,4,1,28000,1800
4320,1,1,10000,1800
4321,1,1,10000,1800
4322,4,1,28000,1800
4323,1,1,10000,1800
4324,3,1,12000,1800
4325,4,1,28000,1800
4326,2,1,48000,1800
4327,2,1,48000,1800
4328,2,1,48000,1800
4329,3,1,12000,1800
4330,3,1,12000,1800
4331,3,1,12000,1800
4332,2,1,48000,1800
4333,4,1,28000,1800
4334,2,1,48000,1800
4335,2,1,48000,1800
4336,1,1,10000,1800
4337,2,1,48000,1800
4338,3,1,12000,1800
4339,1,1,10000,1800
4340,1,1,10000,1800
4341,3,1,12000,1800
4342,3,1,12000,1800
4343,1,1,10000,1800
4344,4,1,28000,1800
4345,1,1,10000,1800
4346,2,1,48000,1800
4347,3,1,12000,1800
4348,4,1,28000,1800
4349,2,1,48000,1800
4350,1,1,10000,1800
4351,3,1,12000,1800
4352,1,1,10000,1800
4353,4,1,28000,1800
4354,1,1,10000,1800
4355,1,1,10000,1800
4356,2,1,48000,1800
4357,2,1,48000,1800
4358,4,1,28000,1800
4359,3,1,12000,1800
4360,4,1,28000,1800
4361,1,1,10000,1800
4362,4,1,28000,1800
4363,3,1,12000,1800
4364,4,1,28000,1800
4365,1,1,10000,1800
4366,4,1,28000,1800
4367,1,1,10000,1800
4368,2,1,48000,1800
4369,1,1,10000,1800
4370,3,1,12000,1800
4371,2,1,48000,1800
4372,1,1,10000,1800
4373,4,1,28000,1800
4374,4,1,28000,1800
4375,1,1,10000,1800
4376,4,1,28000,1800
4377,1,1,10000,1800
4378,2,1,48000,1800
4379,1,1,10000,1800
4380,4,1,28000,1800
4381,1,1,10000,1800
4382,1,1,10000,1800
4383,4,1,28000,1800
4384,2,1,48000,1800
4385,1,1,10000,1800
4386,4,1,28000,1800
4387,1,1,10000,1800
4388,3,1,12000,1800
4389,4,1,28000,1800
4390,2,1,48000,1800
4391,3,1,12000,1800
4392,1,1,10000,1800
4393,2,1,48000,1800
4394,3,1,12000,1800
4395,1,1,10000,1800
4396,1,1,10000,1800
4397,3,1,12000,1800
4398,3,1,12000,1800
4399,4,1,28000,1800
4400,2,1,48000,1800
4401,4,1,28000,1800
4402,4,1,28000,1800
4403,1,1,10000,1800
4404,3,1,12000,1800
4405,4,1,28000,1800
4406,1,1,10000,1800
4407,1,1,10000,1800
4408,3,1,12000,1800
4409,2,1,48000,1800
4410,2,1,48000,1800
4411,3,1,12000,1800
4412,2,1,48000,1800
4413,3,1,12000,1800
4414,2,1,48000,1800
4415,1,1,10000,1800
4416,1,1,10000,1800
4417,2,1,48000,1800
4418,2,1,48000,1800
4419,1,1,10000,1800
4420,4,1,28000,1800
4421,1,1,10000,1800
4422,3,1,12000,1800
4423,4,1,28000,1800
4424,2,1,48000,1800
4425,3,1,12000,1800
4426,2,1,48000,1800
4427,4,1,28000,1800
4428,1,1,10000,1800
4429,2,1,48000,1800
4430,3,1,12000,1800
4431,3,1,12000,1800
4432,3,1,12000,1800
4433,1,1,10000,1800
4434,1,1,10000,1800
4435,1,1,10000,1800
4436,4,1,28000,1800
4437,2,1,48000,1800
4438,4,1,28000,1800
4439,1,1,10000,1800
4440,2,1,48000,1800
4441,2,1,48000,1800
4442,1,1,10000,1800
4443,3,1,12000,1800
4444,3,1,12000,1800
4445,3,1,12000,1800
4446,2,1,48000,1800
4447,1,1,10000,1800
4448,2,1,48000,1800
4449,2,1,48000,1800
4450,4,1,28000,1800
4451,2,1,48000,1800
4452,4,1,28000,1800
4453,4,1,28000,1800
4454,1,1,10000,1800
4455,1,1,10000,1800
4456,3,1,12000,1800
4457,4,1,28000,1800
4458,4,1,28000,1800
4459,1,1,10000,1800
4460,1,1,10000,1800
4461,4,1,28000,1800
4462,1,1,10000,1800
4463,3,1,12000,1800
4464,3,1,12000,1800
4465,3,1,12000,1800
4466,1,1,10000,1800
4467,3,1,12000,1800
4468,3,1,12000,1800
4469,4,1,28000,1800
4470,2,1,48000,1800
4471,1,1,10000,1800
4472,2,1,48000,1800
4473,4,1,28000,1800
4474,1,1,10000,1800
4475,4,1,28000,1800
4476,4,1,28000,1800
4477,4,1,28000,1800
4478,2,1,48000,1800
4479,1,1,10000,1800
4480,3,1,12000,1800
4481,1,1,10000,1800
4482,3,1,12000,1800
4483,3,1,12000,1800
4484,1,1,10000,1800
4485,1,1,10000,1800
4486,4,1,28000,1800
4487,4,1,28000,1800
4488,4,1,28000,1800
4489,3,1,12000,1800
4490,3,1,12000,1800
4491,4,1,28000,1800
4492,4,1,28000,1800
4493,2,1,48000,1800
4494,4,1,28000,1800
4495,4,1,28000,1800
4496,2,1,48000,1800
4497,2,1,48000,1800
4498,4,1,28000,1800
4499,3,1,12000,1800
4500,4,1,28000,1800
4501,1,1,10000,1800
4502,4,1,28000,1800
4503,2,1,48000,1800
4504,4,1,28000,1800
4505,4,1,28000,1800
4506,2,1,48000,1800
4507,1,1,10000,1800
4508,4,1,28000,1800
4509,3,1,12000,1800
4510,2,1,48000,1800
4511,3,1,12000,1800
4512,4,1,28000,1800
4513,3,1,12000,1800
4514,4,1,28000,1800
4515,3,1,12000,1800
4516,4,1,28000,1800
4517,3,1,12000,1800
4518,3,1,12000,1800
4519,3,1,12000,1800
4520,3,1,12000,1800
4521,2,1,48000,1800
4522,4,1,28000,1800
4523,1,1,10000,1800
4524,3,1,12000,1800
4525,1,1,10000,1800
4526,3,1,12000,1800
4527,1,1,10000,1800
4528,1,1,10000,1800
4529,1,1,10000,1800
4530,2,1,48000,1800
4531,3,1,12000,1800
4532,4,1,28000,1800
4533,1,1,10000,1800
4534,1,1,10000,1800
4535,1,1,10000,1800
4536,1,1,10000,1800
4537,3,1,12000,1800
4538,4,1,28000,1800
4539,2,1,48000,1800
4540,3,1,12000,1800
4541,2,1,48000,1800
4542,3,1,12000,1800
4543,1,1,10000,1800
4544,3,1,12000,1800
4545,1,1,10000,1800
4546,1,1,10000,1800
4547,3,1,12000,1800
4548,2,1,48000,1800
4549,4,1,28000,1800
4550,3,1,12000,1800
4551,4,1,28000,1800
4552,4,1,28000,1800
4553,3,1,12000,1800
4554,1,1,10000,1800
4555,1,1,10000,1800
4556,1,1,10000,1800
4557,1,1,10000,1800
4558,3,1,12000,1800
4559,2,1,48000,1800
4560,2,1,48000,1800
4561,3,1,12000,1800
4562,1,1,10000,1800
4563,1,1,10000,1800
4564,4,1,28000,1800
4565,1,1,10000,1800
4566,3,1,12000,1800
4567,2,1,48000,1800
4568,1,1,10000,1800
4569,3,1,12000,1800
4570,3,1,12000,1800
4571,3,1,12000,1800
4572,4,1,28000,1800
4573,4,1,28000,1800
4574,3,1,12000,1800
4575,4,1,28000,1800
4576,4,1,28000,1800
4577,3,1,12000,1800
4578,1,1,10000,1800
4579,1,1,10000,1800
4580,4,1,28000,1800
4581,4,1,28000,1800
4582,4,1,28000,1800
4583,3,1,12000,1800
4584,2,1,48000,1800
4585,4,1,28000,1800
4586,1,1,10000,1800
4587,2,1,48000,1800
4588,2,1,48000,1800
4589,1,1,10000,1800
4590,4,1,28000,1800
4591,3,1,12000,1800
4592,3,1,12000,1800
4593,1,1,10000,1800
4594,2,1,48000,1800
4595,4,1,28000,1800
4596,4,1,28000,1800
4597,3,1,12000,1800
4598,3,1,12000,1800
4599,2,1,48000,1800
4600,2,1,48000,1800
4601,2,1,48000,1800
4602,3,1,12000,1800
4603,1,1,10000,1800
4604,3,1,12000,1800
4605,4,1,28000,1800
4606,3,1,12000,1800
4607,3,1,12000,1800
4608,2,1,48000,1800
4609,3,1,12000,1800
4610,2,1,48000,1800
4611,2,1,48000,1800
4612,3,1,12000,1800
4613,2,1,48000,1800
4614,4,1,28000,1800
4615,2,1,48000,1800
4616,2,1,48000,1800
4617,3,1,12000,1800
4618,4,1,28000,1800
4619,4,1,28000,1800
4620,2,1,48000,1800
4621,4,1,28000,1800
4622,3,1,12000,1800
4623,1,1,10000,1800
4624,2,1,48000,1800
4625,2,1,48000,1800
4626,2,1,48000,1800
4627,4,1,28000,1800
4628,4,1,28000,1800
4629,1,1,10000,1800
4630,1,1,10000,1800
4631,3,1,12000,1800
4632,1,1,10000,1800
4633,2,1,48000,1800
4634,1,1,10000,1800
4635,3,1,12000,1800
4636,1,1,10000,1800
4637,3,1,12000,1800
4638,1,1,10000,1800
4639,1,1,10000,1800
4640,2,1,48000,1800
4641,3,1,12000,1800
4642,3,1,12000,1800
4643,2,1,48000,1800
4644,4,1,28000,1800
4645,2,1,48000,1800
4646,3,1,12000,1800
4647,2,1,48000,1800
4648,4,1,28000,1800
4649,4,1,28000,1800
4650,4,1,28000,1800
4651,2,1,48000,1800
4652,2,1,48000,1800
4653,4,1,28000,1800
4654,4,1,28000,1800
4655,2,1,48000,1800
4656,2,1,48000,1800
4657,2,1,48000,1800
4658,3,1,12000,1800
4659,2,1,48000,1800
4660,1,1,10000,1800
4661,2,1,48000,1800
4662,1,1,10000,1800
4663,4,1,28000,1800
4664,1,1,10000,1800
4665,1,1,10000,1800
4666,2,1,48000,1800
4667,1,1,10000,1800
4668,4,1,28000,1800
4669,1,1,10000,1800
4670,1,1,10000,1800
4671,2,1,48000,1800
4672,2,1,48000,1800
4673,1,1,10000,1800
4674,3,1,12000,1800
4675,2,1,48000,1800
4676,3,1,12000,1800
4677,4,1,28000,1800
4678,4,1,28000,1800
4679,2,1,48000,1800
4680,1,1,10000,1800
4681,1,1,10000,1800
4682,1,1,10000,1800
4683,2,1,48000,1800
4684,1,1,10000,1800
4685,2,1,48000,1800
4686,2,1,48000,1800
4687,2,1,48000,1800
4688,2,1,48000,1800
4689,4,1,28000,1800
4690,1,1,10000,1800
4691,1,1,10000,1800
4692,1,1,10000,1800
4693,2,1,48000,1800
4694,2,1,48000,1800
4695,4,1,28000,1800
4696,4,1,28000,1800
4697,1,1,10000,1800
4698,1,1,10000,1800
4699,2,1,48000,1800
4700,2,1,48000,1800
4701,1,1,10000,1800
4702,2,1,48000,1800
4703,4,1,28000,1800
4704,2,1,48000,1800
4705,2,1,48000,1800
4706,2,1,48000,1800
4707,3,1,12000,1800
4708,2,1,48000,1800
4709,4,1,28000,1800
4710,1,1,10000,1800
4711,1,1,10000,1800
4712,4,1,28000,1800
4713,3,1,12000,1800
4714,3,1,12000,1800
4715,2,1,48000,1800
4716,1,1,10000,1800
4717,2,1,48000,1800
4718,2,1,48000,1800
4719,2,1,48000,1800
4720,1,1,10000,1800
4721,4,1,28000,1800
4722,1,1,10000,1800
4723,1,1,10000,1800
4724,3,1,12000,1800
4725,4,1,28000,1800
4726,1,1,10000,1800
4727,3,1,12000,1800
4728,4,1,28000,1800
4729,2,1,48000,1800
4730,3,1,12000,1800
4731,4,1,28000,1800
4732,1,1,10000,1800
4733,2,1,48000,1800
4734,1,1,10000,1800
4735,1,1,10000,1800
4736,4,1,28000,1800
4737,2,1,48000,1800
4738,2,1,48000,1800
4739,1,1,10000,1800
4740,2,1,48000,1800
4741,2,1,48000,1800
4742,2,1,48000,1800
4743,2,1,48000,1800
4744,3,1,12000,1800
4745,2,1,48000,1800
4746,4,1,28000,1800
4747,3,1,12000,1800
4748,3,1,12000,1800
4749,4,1,28000,1800
4750,1,1,10000,1800
4751,2,1,48000,1800
4752,1,1,10000,1800
4753,2,1,48000,1800
4754,3,1,12000,1800
4755,1,1,10000,1800
4756,3,1,12000,1800
4757,3,1,12000,1800
4758,1,1,10000,1800
4759,3,1,12000,1800
4760,1,1,10000,1800
4761,3,1,12000,1800
4762,1,1,10000,1800
4763,4,1,28000,1800
4764,1,1,10000,1800
4765,2,1,48000,1800
4766,4,1,28000,1800
4767,1,1,10000,1800
4768,1,1,10000,1800
4769,4,1,28000,1800
4770,1,1,10000,1800
4771,2,1,48000,1800
4772,3,1,12000,1800
4773,1,1,10000,1800
4774,3,1,12000,1800
4775,3,1,12000,1800
4776,3,1,12000,1800
4777,2,1,48000,1800
4778,4,1,28000,1800
4779,1,1,10000,1800
4780,4,1,28000,1800
4781,4,1,28000,1800
4782,4,1,28000,1800
4783,2,1,48000,1800
4784,1,1,10000,1800
4785,2,1,48000,1800
4786,2,1,48000,1800
4787,1,1,10000,1800
4788,3,1,12000,1800
4789,3,1,12000,1800
4790,2,1,48000,1800
4791,1,1,10000,1800
4792,4,1,28000,1800
4793,4,1,28000,1800
4794,2,1,48000,1800
4795,1,1,10000,1800
4796,4,1,28000,1800
4797,3,1,12000,1800
4798,1,1,10000,1800
4799,4,1,28000,1800
4800,2,1,48000,1800
